stim1,stim2,lLO_toolloc,lPFS_toolloc,lPPC_spaceloc,lAPC_spaceloc,lPPC_depthloc,lPPC_distloc,lAPC_depthloc,lAPC_distloc,lPPC_toolloc,lAPC_toolloc,rLO_toolloc,rPFS_toolloc,rPPC_spaceloc,rAPC_spaceloc,rPPC_depthloc,rPPC_distloc,rAPC_depthloc,rAPC_distloc,rPPC_toolloc,rAPC_toolloc,cornet_s,skel
boat_1,boat_2,0.96634436,0.735337523,0.838608785,0.899675845,1.031557165,1.190897546,0.999011819,1.24497452,1.083098912,0.803834348,1.065115629,0.876200412,0.861615299,1.036724525,1.39125975,0.949107198,1.284996249,1.07200026,1.060773439,1.022552863,0.89348197,7.332421149
boat_1,boat_3,0.963413186,0.820296879,1.138388651,1.185225407,0.840030262,0.94804965,0.804111991,0.87217998,1.269059893,1.135570402,0.804983854,0.941290379,0.812436468,1.049063476,0.648562197,0.869618686,0.680911565,0.974642073,1.106936576,1.068134832,0.78361833,9.251794405
boat_1,boat_4,1.065161425,1.18344101,1.025549844,1.259161359,1.428967619,0.963218674,1.419796426,1.204948209,1.219981703,1.139212884,1.003894765,1.179255587,1.06730566,1.143600786,1.110082429,1.103105416,1.245797299,1.261045851,0.79829017,1.124400355,0.8328149,9.725308651
boat_1,boat_5,0.894178899,0.824707365,1.072197437,1.068623553,1.350703158,1.047177586,1.012429962,1.050623022,1.22933724,0.895047053,0.871293623,0.797689354,1.036750621,0.8248081,0.894216116,1.015526393,0.602412689,0.808780504,0.898516136,0.865255147,0.76425946,14.65801121
boat_1,camera_1,1.131544267,0.999347886,1.110578911,1.224638684,1.412496866,1.089094714,1.412779683,1.082019387,0.969681441,1.138252623,1.103662893,1.035555687,1.264460445,1.186486576,1.316633341,1.263294864,1.546005979,1.395675578,1.333800331,1.109798837,0.7046102,38.91392122
boat_1,camera_2,0.988719226,0.958289446,1.02038855,1.221595191,1.055398265,1.075429836,0.798604427,1.280618978,1.276923886,1.076012232,0.803863086,0.931865838,1.027335518,1.040152172,1.074603354,1.170128809,0.852124738,1.123949934,1.279123328,1.09356045,0.7529656,26.14409404
boat_1,camera_3,0.880171652,0.993866944,1.418577523,1.134755751,1.179177585,1.050895101,1.243022919,1.081028324,0.915358309,1.17239809,0.824100121,1.112337409,0.974196623,1.207845676,0.959283893,0.854123297,1.194536443,1.208416888,0.945869385,1.351620365,0.711639,21.27905691
boat_1,camera_4,0.896681635,0.963576619,1.029928396,1.137811696,1.135857105,0.768690528,1.017286922,0.793834581,0.815481231,0.931586532,0.831770011,0.996522211,0.898686658,1.100817089,1.282731691,0.82720231,1.328930812,1.049476403,0.841181836,0.991901805,0.70137274,26.63641554
boat_1,camera_5,0.954435962,0.979619214,1.035036918,1.059631834,1.52860682,1.399168693,0.981520694,1.177982569,1.220425115,1.336673047,1.093627547,0.922771525,0.954978494,1.187147628,0.927125494,0.878367455,0.760069889,1.191417144,1.208133739,1.172807412,0.7211361,15.53607492
boat_1,car_1,0.949702702,0.898801252,0.905924194,1.045179726,0.734688118,1.039268314,1.168605901,1.094675045,0.932507466,1.162838538,1.057295603,1.024277371,0.832139571,0.985884146,1.049443929,1.004737677,1.306397207,1.088192648,1.167526469,1.239649497,0.76497495,13.35839481
boat_1,car_2,1.078546052,1.153062399,1.42097801,1.17443997,1.120277897,1.174838384,1.25981449,1.117496748,0.990567752,1.236289288,1.020189189,0.984222512,0.930250377,0.972083065,0.672400736,1.05971786,1.317666604,1.057693986,1.358840527,1.238305815,0.7525235,13.14346451
boat_1,car_3,1.112247535,0.991714479,1.004386315,0.910089285,0.977662649,0.921983953,0.783652646,0.975018602,1.083115246,1.02091155,0.937333685,0.849503708,1.016585664,0.981902825,1.161548158,1.009845897,0.971945878,0.931890114,1.035184393,0.938528639,0.79333556,11.89656577
boat_1,car_4,0.996749207,0.997236569,1.231817847,0.994801984,0.932682723,0.841578487,0.980511411,1.044268885,1.024647079,1.06016427,1.064423509,1.242205492,1.035139222,0.976960822,0.680703279,1.064246402,0.968218633,0.930863892,0.937831242,1.055996285,0.8055938,5.455690045
boat_1,car_5,0.877366646,1.264054863,0.540041061,0.832942309,0.68418971,0.681058785,1.033116288,0.843930908,0.671256774,0.838539311,1.006184793,1.224512822,0.708595596,0.814061859,0.984414798,0.759925254,0.96588866,1.059653227,1.136347198,0.712857451,0.77743566,9.684720119
boat_1,guitar_1,1.150650506,1.413485718,0.62142166,0.926591955,0.579437172,0.715910172,0.875241418,0.734088587,0.622190121,0.862028298,1.169614438,1.385658341,0.925064164,0.90937088,0.973468882,0.93805244,0.836606383,0.967838365,0.94143464,0.806072005,0.69604814,37.61651546
boat_1,guitar_2,1.182237021,1.185026076,1.201629279,1.199647455,1.168900785,1.22666453,1.441587738,1.050351116,0.852346664,1.16598491,1.109603988,1.171938705,1.274742233,1.228643398,1.22481655,1.298456909,1.325862228,1.274479806,0.905565243,1.20489397,0.7036744,39.9116014
boat_1,guitar_3,1.009490315,1.053311409,1.033188492,0.885465367,0.945266842,1.029282623,0.959260906,1.002192323,0.935016831,0.961774696,1.037471823,1.064043076,1.149885488,0.936030331,0.674744015,1.004903704,0.727954636,0.790096745,0.629526109,0.803273816,0.7017545,41.01293324
boat_1,guitar_4,1.140859396,1.139519534,1.022098634,0.93656441,1.073949588,1.094430764,1.030057353,1.016639269,0.847988504,1.044504982,1.187834497,1.289133061,1.146259798,0.944718948,1.322574743,1.127747785,1.144015392,0.826638716,1.044962206,1.037193658,0.7308543,41.16865316
boat_1,guitar_5,1.088319371,0.767227785,0.78273999,1.06180075,1.100068358,1.208164745,0.971038543,1.153854006,1.234403619,1.134092852,1.077454873,0.91545623,1.056114131,0.991273397,1.340184125,0.974270215,1.143198508,1.04546256,1.315305251,0.938575069,0.68862575,43.25801649
boat_1,lamp_1,1.248849181,1.055134798,1.142904038,0.952339274,1.068842179,1.231673484,0.914701334,0.974640032,1.135036377,1.033608258,1.259963628,1.023511911,1.312433705,1.117389513,0.941730256,1.205051133,0.875328505,0.926436937,0.942320914,0.942849193,0.74913347,37.761661
boat_1,lamp_2,1.221199211,1.155360394,1.082574073,0.977125435,1.281629676,1.013758941,1.221357067,1.158708802,1.001762722,0.945387906,1.206434446,0.976819331,1.159978315,1.183110552,1.351296108,1.276647664,1.349541516,1.097125039,0.784298386,1.320507594,0.7036104,45.21959368
boat_1,lamp_3,0.943010255,1.025763157,0.839267486,0.822682261,0.66306831,0.946563892,0.965453878,1.001052487,0.918792228,0.768975167,0.888094491,0.879802278,0.997661538,0.943365275,0.697528838,0.848090292,1.256741544,1.146727168,1.089113661,0.950353476,0.6906134,36.87245489
boat_1,lamp_4,1.148392274,1.031160248,1.083111641,0.766012787,0.810549128,1.042995393,0.738038414,0.792605111,1.26894954,1.064813853,1.151392792,1.030381261,1.085090956,0.876173816,0.955821399,1.140091061,0.876127346,0.80733002,0.899159858,0.956354892,0.7141742,50.01865041
boat_1,lamp_5,1.141142128,1.301940661,1.067788561,1.188398567,0.944927568,1.040401446,1.017846757,1.208788382,1.287930572,1.181512315,1.247419222,1.274663751,1.289115154,1.189065144,1.42996156,1.26471408,0.906993276,1.224297237,1.194051994,1.274559058,0.6962876,45.77911201
boat_2,boat_3,1.020453576,0.874551569,0.844173926,0.939263035,1.267239105,0.931328097,0.82160682,0.975154566,0.822946077,1.106799463,0.919480483,1.031832246,0.964918781,1.023930151,1.122168186,0.956988534,0.832612355,0.850957436,0.978993419,1.212994678,0.8640571,10.87846052
boat_2,boat_4,1.226018867,1.256630459,0.909641911,1.085749906,1.09002142,1.114696017,0.919232421,0.990106446,1.112806936,1.160041096,1.279478249,1.147569953,1.035902653,0.961486567,0.990241863,0.982256561,0.851081845,0.828794535,1.270701515,1.151033835,0.8500235,8.772416352
boat_2,boat_5,0.882329379,0.642480186,0.98678283,1.011922337,0.92523358,1.124792636,0.828173905,1.090000229,0.872590764,0.865974084,0.942880798,0.864555745,1.006930761,1.112695399,0.847327998,0.948826418,1.155729891,1.172100069,1.235454051,1.171635293,0.8583503,12.33506807
boat_2,camera_1,1.052118041,1.064444734,1.017323195,1.071416127,0.918169724,0.870203898,1.358347101,1.032774639,1.158845285,1.010812201,1.116970812,1.033763482,1.07291319,0.938505889,0.921728217,1.045215023,0.877314699,0.912000764,0.790046263,0.930956795,0.8022204,40.71365915
boat_2,camera_2,0.835937229,0.897938792,0.506708563,0.730422828,0.62155859,0.659255857,0.712461331,0.572195573,0.589884331,0.871054958,1.045092781,0.902298576,1.062104959,0.917473408,0.824173262,0.95927175,0.909569211,0.981613729,0.793761435,0.857611459,0.8117719,30.49727949
boat_2,camera_3,1.151697692,0.917917372,1.162010298,1.061396664,0.93366448,0.901196864,1.051583437,0.895752082,1.057228929,1.112706559,1.231437294,1.162326638,1.234951801,1.049626203,0.99948204,1.065823812,0.739864263,0.966736845,1.144934212,0.843221387,0.7921022,27.06087199
boat_2,camera_4,1.137008085,1.168799681,1.440241873,1.455587599,1.120205725,1.339001307,1.199370778,1.222552616,1.186603044,1.130802163,0.978482709,1.113629033,0.965310342,0.977146751,0.745623104,0.985237469,0.649369661,0.899586562,1.381179529,0.980058087,0.74958324,29.54832728
boat_2,camera_5,0.942699013,0.88417403,0.894790531,0.93025972,1.200684919,0.710867612,0.868335062,0.728146635,0.769757942,0.892268948,0.810302266,0.998687159,1.01653615,1.062536681,0.907135323,0.918529151,1.073965542,0.95190653,1.067989211,1.066492827,0.76673126,18.64463545
boat_2,car_1,0.985126133,1.138169378,1.057792332,1.078920241,0.951976735,1.078533623,1.280640552,1.072989603,1.276291398,1.032069757,1.073855109,1.156631844,1.159275277,1.077800926,0.990224747,1.004559506,0.890377783,1.084608521,1.000161211,0.961953387,0.81165445,17.28889057
boat_2,car_2,0.996391644,1.223469882,1.284880877,1.162311997,1.447025414,1.050298592,1.287505349,1.151302814,1.261957116,1.146347789,1.101148935,1.260224907,1.171511434,1.090142853,1.432228352,1.341762126,0.792336058,1.123740235,0.827360656,0.902557033,0.8070064,19.34747826
boat_2,car_3,0.94519503,0.959077724,1.163288383,0.974959581,1.198745874,1.179132903,0.704182059,0.993638554,0.878593682,1.012913961,1.147381892,0.951503397,0.962364936,0.810192558,0.732175623,0.847712856,0.656624868,0.82664971,0.685650483,0.795235706,0.8165437,18.71273879
boat_2,car_4,1.158977856,1.258044753,1.099660813,0.977074648,1.384598812,1.392937011,1.21473471,1.121353348,1.307946979,1.147930964,1.270572318,1.112654845,1.206128844,1.126596533,1.32506261,1.020468428,1.192291849,1.176922511,1.077206517,1.263892067,0.82906383,12.72286301
boat_2,car_5,1.192249906,1.2380656,1.027367182,1.251167925,0.987500863,1.235694949,1.085149783,1.0653642,1.147349128,1.03617991,1.187638114,1.048566144,1.057062866,1.178793336,0.899760185,1.109344397,0.998381576,0.898418907,0.494108863,0.846444043,0.82022893,14.87525314
boat_2,guitar_1,1.135908115,1.234982057,1.217604628,1.341007446,1.021080246,1.230015182,1.224278254,1.470436335,1.261766206,0.99729676,0.991187356,1.076902552,1.006068554,1.016239612,0.941109206,1.081786122,1.224350969,0.930397818,0.731438312,0.984759007,0.7861031,32.36502166
boat_2,guitar_2,1.097424043,1.137164148,1.137182671,1.16006606,1.191289321,1.10713511,1.161285045,1.164876468,1.183263365,1.200357239,1.078285858,1.242426226,1.185702969,1.134961193,1.303851419,1.201441498,1.149553886,1.050848338,1.301861949,1.052753389,0.7856593,36.59367847
boat_2,guitar_3,1.067209764,1.333616391,0.774401836,0.769212187,0.806327146,0.982127445,0.828374426,0.981283079,1.170656089,1.051915081,0.919175167,1.22840479,1.048984309,1.068653824,1.047773816,1.10049214,1.210891629,1.209684987,0.928630469,0.848021557,0.7852355,35.91537263
boat_2,guitar_4,1.037947562,0.985839608,1.49974095,1.125566666,1.013234581,1.156406977,1.035619691,1.274488909,1.337210547,1.228361336,0.800757296,1.10931135,1.02689706,1.241397021,0.943297269,1.046018325,1.363260326,1.211981119,1.100925562,1.255785926,0.80892485,37.37327589
boat_2,guitar_5,1.008575923,0.896851108,0.669695184,0.912651008,1.024803499,0.7955387,0.849866727,0.803075694,0.677170584,1.035647575,0.997765865,0.844041643,0.959350333,1.032690005,0.890873767,0.993922513,1.097291421,0.974814667,0.8697542,1.116587251,0.79123574,37.71138025
boat_2,lamp_1,1.05526357,1.097168756,1.392500159,1.279859619,0.887006467,1.183643995,1.332916127,1.391289765,1.442535862,1.329979887,1.039862182,0.851320905,1.167168093,1.091988004,1.508813249,1.158413605,1.574850012,1.285395851,1.484488963,1.322716541,0.8057126,31.57607838
boat_2,lamp_2,0.809558869,0.953721084,1.074991716,1.096376746,0.750280516,1.071936912,0.94197268,0.942353994,1.19233257,1.015247287,0.744388837,1.004165917,0.710518049,0.750399004,0.582331791,0.847093606,0.530683863,0.996750741,0.941790393,0.783048252,0.81129956,43.8354592
boat_2,lamp_3,0.853536817,0.888040853,1.066446209,1.058593948,1.28735297,0.893855655,1.136227179,0.864743801,0.911993822,0.861699021,0.934399558,0.882620748,0.857120351,0.79887898,0.874093126,0.970303855,0.405016077,0.807198317,0.557142076,0.70647437,0.7859805,36.34840404
boat_2,lamp_4,1.137040173,0.979888862,1.117920321,0.914733253,0.939532504,1.09021201,1.117550444,1.131142859,0.989637102,1.134098458,1.075396981,0.994611894,1.27554538,1.324029322,1.28549124,1.284641661,1.491576593,1.370718494,1.172073486,1.400423248,0.7890132,45.70839787
boat_2,lamp_5,1.166450834,1.06380483,0.701419783,0.671298912,0.813471277,0.930141664,0.701524339,0.95238282,0.882649494,1.068740668,1.086436393,1.124017403,1.164108554,1.204752254,0.862702992,1.242591418,1.437065094,1.151064214,1.549358907,1.340927362,0.80434525,42.2332551
boat_3,boat_4,0.967866833,1.136415374,0.99814454,1.018394153,1.227786612,1.056124652,1.208495958,1.068985467,0.927383843,1.139194283,1.058870334,1.088021373,0.809681238,0.915122847,1.271865379,0.928186211,1.100893788,0.860299147,0.945954988,0.924988071,0.8485116,9.446072352
boat_3,boat_5,0.859298388,0.859615656,0.833478339,0.860849033,1.249171005,0.641770385,0.827103848,0.737065128,0.623305549,0.899975572,0.691766958,0.983460844,0.825550378,0.951422882,1.194851746,0.893851492,1.028805952,1.003914247,0.776420248,0.970515656,0.79539776,14.2223764
boat_3,camera_1,1.185793854,0.956038029,1.13480028,1.184418782,1.23667113,1.101015559,1.382850203,1.056399387,1.25202063,1.278223271,1.186384319,0.905546895,1.320700912,1.186794783,1.115277107,1.077218133,1.497099284,1.018722635,1.062974575,1.055967458,0.8506991,36.94057738
boat_3,camera_2,0.923801167,1.04172395,0.691108495,0.755701689,0.831387813,0.633160854,0.804952086,0.787802726,0.598771339,0.776830074,0.877879327,0.923785561,0.652382385,0.789512223,0.945179222,0.898535926,0.546972529,0.754020637,0.574231305,0.736794985,0.80850995,25.33897088
boat_3,camera_3,1.013023868,1.03849371,1.137865892,1.170678903,1.060876695,1.181917193,1.178069335,1.255168647,1.156509587,0.950842804,0.882998202,0.980671277,1.030450745,0.872942149,1.047288512,0.957442122,0.957941036,0.836910305,1.010943675,0.944333441,0.7450123,22.9827378
boat_3,camera_4,0.92366854,0.938759688,0.965066896,0.851885871,1.270302167,0.975544979,1.277561376,0.913946016,1.053104412,1.036090201,0.831239682,0.7999028,0.92054353,0.96095207,1.268834005,0.82985006,1.137848461,1.070450609,0.965047062,1.049250737,0.7721546,26.51235068
boat_3,camera_5,0.927997875,0.783126097,1.06703396,0.992418338,1.090029706,0.986952038,0.983353627,0.932622751,0.637959135,0.702696972,0.845347366,0.76753784,0.822934516,0.822728153,0.673396765,0.770651548,0.957962573,0.743122416,0.78557379,0.80920471,0.74655724,21.8465302
boat_3,car_1,0.996145628,1.043535371,1.061475319,1.101235894,0.814079982,1.288927136,1.29665828,1.269685716,1.186823561,1.131619874,1.172135738,1.058399543,0.968310949,1.127604501,0.781019025,0.979611619,1.317632715,0.88055884,0.827399844,1.086678394,0.80806017,17.78981723
boat_3,car_2,1.159291611,1.200129652,0.962302716,1.193254885,0.829065151,1.065183118,1.151563503,1.075315523,1.405852009,1.145906086,1.114398814,1.23974847,1.043305868,1.076032892,0.965540101,0.968504392,1.23039257,0.942270079,1.034329586,0.930213431,0.84381795,16.27780659
boat_3,car_3,0.89054923,1.034973391,0.806970415,0.928661446,0.892438271,0.801189918,0.673075734,0.944288772,0.680398726,0.713858178,0.872178218,0.954320784,0.927229324,0.920040625,0.792991787,1.059911723,0.804033991,1.138716712,0.784434249,1.003942342,0.7953479,16.78363864
boat_3,car_4,1.107072718,1.016942788,1.263387515,1.21812513,0.827446118,0.981693964,1.088383656,1.010172379,1.172333873,1.098217783,1.19408631,1.12188079,1.136370524,1.054712433,1.078613568,0.978933256,0.927950841,0.914965088,1.083478489,0.838799514,0.85828984,10.8758567
boat_3,car_5,1.123430361,1.088945758,1.127720269,0.951475122,0.828639534,1.008877168,0.982356648,0.94405213,1.22425793,1.100946805,1.052245726,1.067546652,1.00487359,1.144727993,0.985089928,1.160773857,1.008559883,1.137320536,1.156515649,1.345152433,0.7913248,13.93151435
boat_3,guitar_1,1.138698693,1.269800012,1.171012686,1.044069676,0.987464356,1.190666306,1.06688854,1.150947312,1.383809299,1.205122642,1.079917959,1.071779367,1.018075296,1.13734881,1.325829745,1.114661066,0.937438738,0.991347547,1.011274201,1.282084975,0.7405656,43.61238686
boat_3,guitar_2,1.064940763,1.103167826,1.302070416,1.099919587,1.225036174,1.117912777,1.343239268,1.169741936,1.53817133,1.122703623,1.102780582,1.087330998,1.250497075,1.115779698,1.349341081,1.356813474,1.309604688,1.173520398,1.431091479,1.151990511,0.72462094,47.0043931
boat_3,guitar_3,1.044453588,1.046659209,1.03858683,1.070525491,1.165943769,1.093181365,1.005510269,1.098366571,1.153813911,1.159852359,1.003524456,1.193318418,1.047421732,1.075261673,0.662137713,1.09166962,0.815649293,1.355048248,1.05308531,1.206096803,0.7450961,48.46894471
boat_3,guitar_4,1.219410581,1.283069804,1.292314716,1.240685898,1.383502836,1.184735166,1.121258456,1.236531792,1.403001778,1.138778557,1.210194614,1.330693927,1.290941898,1.211763435,1.564059352,1.108043145,1.406776331,1.374698916,1.394015714,1.302053749,0.74537843,48.35939652
boat_3,guitar_5,0.977262724,0.829548227,0.888043247,0.928667188,0.925342454,1.123537828,0.710823994,1.042192625,0.863876897,0.851253227,0.996747268,1.115664349,0.938370186,0.8851753,1.15846653,1.058033151,1.254087641,0.953490646,0.991838839,0.916800777,0.73709327,49.49408514
boat_3,lamp_1,1.144214515,1.04447305,1.32880658,1.262697869,1.264031406,1.234361739,1.247630472,1.131286469,1.156874874,1.204125837,1.349189408,1.029315822,1.286550693,1.17588014,0.80223257,1.321494664,1.025945383,1.235282761,1.39164195,0.974333589,0.757348,42.61747846
boat_3,lamp_2,0.938932294,1.167047395,1.226866291,1.28191718,1.337829624,1.207676326,1.168366076,1.235037872,1.100269597,1.086646361,1.010738337,1.011399227,1.134269796,1.06080094,1.147608867,1.061047466,1.19947738,1.295965839,1.104582884,0.985760125,0.7487259,47.62033539
boat_3,lamp_3,1.003292826,1.116316343,1.134490458,1.241757745,0.885243085,1.376655399,0.99167269,1.281811811,0.995995272,1.37513464,1.131852608,0.975185983,1.230520912,1.11648265,1.025276389,1.258970389,0.984504542,0.978786583,0.780516372,1.098086683,0.7441674,43.06441355
boat_3,lamp_4,1.050659221,1.026955486,0.778870794,0.891804179,0.764992219,0.855798652,0.948877812,0.77235,0.678116501,0.741735569,1.143032098,1.045555465,1.193471387,1.133665617,0.996008704,1.323029899,1.027536022,1.36802151,1.179936863,1.017742342,0.72671914,54.29048611
boat_3,lamp_5,1.154495643,1.181135814,0.735766653,0.6576866,0.784623141,0.760597027,0.901337867,0.992713814,0.748793805,0.781892102,1.093172867,1.18656923,1.182794416,1.123299503,1.214512308,1.103249393,1.038591111,0.890234025,0.939642026,0.841021221,0.7771334,47.3792618
boat_4,boat_5,1.08826204,1.102322045,0.686455563,0.848344815,0.700169279,1.059920161,0.787733843,1.086975563,0.810468796,0.86690244,1.128562323,1.255074216,0.987675564,0.979574352,0.85883894,1.050588508,1.025150361,1.100664956,0.777684358,0.913807056,0.84005094,12.95983654
boat_4,camera_1,0.979319559,0.868923891,0.944765235,0.863466895,1.067586113,1.221944119,1.055226027,1.155946921,1.148648254,1.030144176,0.967834716,1.130479451,1.175186752,0.978365078,1.105328603,1.093508596,0.870120066,1.082634059,1.445660955,1.174760413,0.8266433,33.71454721
boat_4,camera_2,1.010518698,1.046137412,0.700292245,0.699524649,0.999819151,1.025782434,1.09788838,0.903989365,0.953184037,1.092083934,0.861078396,1.040912921,0.78098657,0.942848425,0.737700864,0.807190816,0.89571131,0.861818907,0.832985858,0.827636397,0.84502524,24.62742805
boat_4,camera_3,1.076976643,1.162988648,0.809306814,0.951702927,0.998574764,0.923854035,1.005969308,0.996200293,0.78110886,1.017997719,0.963283847,1.264533366,0.932890701,0.961642392,0.660529413,1.075202629,0.723329067,0.953930501,0.738691876,0.886833338,0.7981221,22.41894758
boat_4,camera_4,0.896054775,1.049689041,0.837657668,0.817469643,0.605761103,0.91570127,0.945338203,0.994898073,0.995886762,0.914943582,0.919286809,0.93007464,0.63867872,0.67845292,0.965470278,0.807672584,0.614941738,0.789330979,0.860868886,0.822743683,0.843747,24.66615064
boat_4,camera_5,1.117810618,1.151706714,0.80611948,1.008934477,0.864768688,1.128370411,1.087140986,1.08777396,1.061351885,1.097170742,1.00205926,1.01693445,1.113900412,1.038773262,1.329424913,1.218267514,1.270059194,1.033929258,1.092512617,1.092221795,0.83395153,18.74042841
boat_4,car_1,0.93907107,1.012281182,1.332032813,1.218750609,1.188938385,0.941269709,1.112115897,0.902616859,1.219832127,1.111248161,0.838414288,0.867993714,0.94798099,1.178308262,1.369919739,0.870926131,1.114892616,0.897226219,1.157450882,1.095184954,0.8138998,17.69361798
boat_4,car_2,1.103257849,1.090920508,1.198119091,1.131932343,1.096047921,1.187940589,1.176059611,1.13107514,1.105719916,1.191713523,0.983180182,1.089905107,0.886496969,1.120276617,0.959260584,1.068730261,0.912429745,1.241844515,1.251362267,1.176319851,0.79499626,15.54826336
boat_4,car_3,0.911472706,1.074840675,1.245344912,0.934213575,0.937392175,0.836198886,0.852003165,0.885913818,0.889617281,0.926908883,0.941509971,0.864386398,0.898927832,0.974280204,0.850747733,1.131806805,0.92746218,0.939388444,0.800390174,1.062875568,0.8353154,13.97333708
boat_4,car_4,0.714503957,0.766741893,0.870665981,0.980661442,0.924883022,0.701769515,1.033086954,0.914441272,0.764448085,0.797356761,0.778736023,0.866612741,0.855835326,0.920850869,0.995872461,0.857709457,1.043707508,1.071799611,1.17973454,0.843796855,0.87638146,12.62974399
boat_4,car_5,0.862925825,1.03927574,0.978948304,1.188407748,1.09436188,0.923993027,0.952611868,1.246625009,1.169052818,1.198851375,0.84031831,1.106768334,0.817790393,1.030677178,0.976625438,0.910659682,1.027219823,0.80228881,1.169556905,0.945080428,0.8042577,12.2935727
boat_4,guitar_1,0.98473609,0.93928229,0.934035244,0.991168727,1.292981464,1.042501754,1.131699068,0.976334373,0.935634057,0.871516922,1.158775101,1.15908425,0.90116802,0.892499531,0.946396751,1.03520812,1.075592097,0.722748735,1.068008736,0.897187422,0.70944047,32.77051571
boat_4,guitar_2,1.181220334,1.183141086,1.304859526,1.160266534,0.975727761,1.244144174,0.838014957,1.132877797,1.094290452,1.19011968,1.160291615,1.100605723,1.252003987,1.226916993,0.682766601,1.259140328,0.967120227,1.265593672,1.095732107,1.287406939,0.7471338,35.84186207
boat_4,guitar_3,1.040228756,0.831956939,0.9429427,1.011643969,0.705502182,1.025893204,0.697905073,1.102976927,0.915593566,0.940192578,1.180093416,0.769755862,1.16641706,1.143099138,1.151017127,1.055788352,1.222978205,1.065455479,0.770892618,1.123075692,0.75760037,34.55100374
boat_4,guitar_4,1.241488456,1.018778576,1.302512869,1.190514342,0.75337038,0.999312734,0.868183448,0.864789459,1.089257844,0.970757756,1.355322688,1.064265118,1.331858103,1.293653209,0.771936236,1.148243524,1.092696615,1.215528171,1.1971156,1.041727333,0.7458169,36.88987183
boat_4,guitar_5,1.072114852,1.211215832,1.020825398,0.999837795,1.199301122,1.111584577,1.189240796,1.001267843,1.046012268,1.035913607,1.165321264,1.163881998,1.224607087,1.101868646,1.024674499,1.154320881,1.043576251,1.202444811,1.133834751,1.10169279,0.70230794,37.66834055
boat_4,lamp_1,0.973517234,0.884576921,1.079356659,1.01851536,0.899266923,0.928229954,1.129813759,0.877340837,0.827497304,0.819024694,0.998515523,0.782260873,1.127696234,1.013505155,1.237057764,0.975393336,1.193521751,0.928340266,0.780101481,0.985985436,0.7919732,29.76657164
boat_4,lamp_2,1.172384664,1.110589724,1.10502302,1.220112965,1.053145927,1.146087503,1.061059007,1.133438694,1.060677213,1.107355651,1.346533046,1.234896275,1.331928319,1.200676866,1.050240378,1.207949842,0.916957083,1.24893283,1.018479934,1.055929084,0.7342379,38.99394323
boat_4,lamp_3,1.050440381,1.037181114,1.271978046,1.135165783,1.349929557,0.848619062,1.12729751,0.867610554,1.223912414,1.077735143,0.953414957,0.982955455,1.115152538,0.934898049,0.874210034,1.038267321,0.872116686,0.940427928,1.195994251,1.039471616,0.78903925,36.1918242
boat_4,lamp_4,1.237742517,0.988272176,1.441532723,1.296791277,1.304695607,1.370663893,1.26208044,1.310642091,1.077992757,1.20059192,1.211095297,1.027938844,1.348581274,1.354712787,1.38289156,1.244879441,1.292114903,1.226482854,0.993303016,1.019578799,0.74585927,44.11075188
boat_4,lamp_5,1.057226259,0.985616718,1.038858843,0.946143276,1.10926239,1.317863745,0.92444694,1.142876641,1.051258373,1.042076937,1.137093844,1.101448767,1.230032459,1.102729391,1.050996199,1.196824346,1.249772076,1.082183086,1.183602872,0.977208334,0.75477475,38.23192178
boat_5,camera_1,1.204473445,1.132501982,1.036325561,1.270330687,0.746065975,1.019690235,1.167438621,1.014222197,1.358051003,1.220831032,1.300829359,1.111615656,1.35096405,1.363083069,1.266030081,1.296601668,1.394032397,1.377361628,1.476253296,1.286473906,0.79831165,30.41018952
boat_5,camera_2,0.805588015,0.899029198,0.666155668,0.937277058,1.04415994,0.769382338,0.649064457,0.940322729,0.689735743,0.875389072,0.858291193,1.092309247,0.695669717,0.69516475,0.806740761,0.769011197,1.057724135,0.914732918,0.680125341,0.790861611,0.7980822,22.28707165
boat_5,camera_3,0.863914795,0.890509377,0.95388302,0.777500898,1.024206634,1.294833897,1.181062388,1.185079176,1.107403252,1.068918009,0.821774639,0.93944267,1.028726584,1.098255908,1.088374139,1.081564996,1.489846418,1.126232234,1.208488183,1.174533695,0.78891665,22.57199947
boat_5,camera_4,0.97529601,1.193829982,0.849644755,0.957318641,0.861645993,1.045326284,1.228446625,1.057405055,1.139062676,1.179140089,0.864602337,1.214054394,1.053125546,1.200625062,0.997383354,1.010924311,1.39397211,1.16690527,0.711391518,0.974574988,0.74368733,24.3893671
boat_5,camera_5,0.820010731,1.063166559,0.882368887,0.891157382,0.699678837,0.997167576,0.687907,1.019171279,0.850930908,0.946303796,0.832630673,1.111254312,0.776633244,0.796410569,1.195710651,0.827018221,0.697242412,1.025764125,0.728611546,0.732235475,0.7857319,16.05136578
boat_5,car_1,1.299400057,1.300803199,1.443355332,1.185674628,1.091477459,1.281311914,1.390439378,1.344505839,1.287013197,1.340548843,1.342764513,1.168652221,1.255480161,1.351602027,0.965783789,1.307798883,1.269278695,1.452410689,1.195767382,1.289818716,0.7569197,17.85901163
boat_5,car_2,1.054425981,1.208737329,1.172003188,1.058581964,0.933914051,0.96257028,1.251395903,0.933769531,1.231785588,1.17455495,1.194000113,1.058945887,1.186817549,1.038318362,1.184805224,1.165391679,1.321019461,0.977916588,1.148012254,1.385230199,0.7531939,19.06517286
boat_5,car_3,0.809362419,0.95962009,0.908413048,0.709593033,1.252068798,0.813033131,0.80441303,1.016722364,0.789306835,0.857075665,0.922918758,1.115772337,1.028476029,1.005991927,0.989145596,0.981639926,0.811997612,0.940054991,1.217347289,0.97882586,0.77004504,18.22086052
boat_5,car_4,1.047439821,1.161947294,0.918473171,0.978217326,0.976312197,1.030996271,1.250363823,0.992863175,0.840146568,1.064885313,1.087291614,1.136235172,0.988754737,1.088314348,1.172020531,1.003747003,1.254327391,1.009496558,1.105321302,1.092953236,0.7972483,17.50284509
boat_5,car_5,1.067763495,1.11648381,1.312075137,1.314805398,1.560127119,1.174337259,1.279890703,1.124363947,1.473502588,1.308031902,0.934258421,1.085026645,1.072627571,1.084284695,0.593558463,1.176132482,1.03018751,1.179875603,1.190122085,1.163926605,0.7613217,15.87840958
boat_5,guitar_1,1.25294622,1.221484648,1.144634969,1.199312592,1.254059746,1.090609932,1.291471793,1.058609449,1.267397114,1.049179978,1.074158374,1.045678025,1.247761503,1.211550471,0.655032238,1.185600098,0.942697413,1.295999918,1.085093058,0.930624544,0.75834644,28.32084457
boat_5,guitar_2,1.172261163,1.063979522,1.264433785,1.094215793,0.905608832,0.97068269,1.172350496,0.857142829,1.191241452,1.087046603,1.035957717,1.0494439,1.151611313,1.202069613,1.266945747,1.116972133,1.092148315,1.177615154,1.185919171,1.277807281,0.77472603,31.31715535
boat_5,guitar_3,0.982372301,1.217149002,1.060500794,1.021013046,1.146366809,0.955841042,0.942313682,0.838992372,1.075323758,0.948046501,0.932303643,1.101448756,0.713916843,0.878817896,0.958629513,0.820652252,0.700768914,0.629150843,0.657770914,0.908718237,0.77695376,30.18665658
boat_5,guitar_4,1.115480535,0.980128195,1.20071886,0.95698851,0.999587626,1.12566914,0.996251551,1.008645807,1.229021547,1.004108324,0.956824646,0.931895156,1.009350035,1.014473874,1.049225991,1.199195985,1.040366219,0.839979734,1.215875551,0.967405847,0.78542674,32.53021427
boat_5,guitar_5,1.26026443,1.00336316,1.098930786,1.376647542,1.076006597,1.060355959,0.889743379,1.093271092,0.93051453,1.173232934,1.305895336,0.917670883,1.143007899,1.083805022,1.266592124,1.123033506,0.897916808,0.976771309,1.340190178,1.190215177,0.7548603,32.57504964
boat_5,lamp_1,1.112475413,1.075134881,1.086099785,0.989827611,0.965348295,0.95742996,1.235100103,1.122998185,1.064333436,1.031763191,1.236149474,1.142877623,1.025157982,1.109938785,1.328357837,0.911137077,1.072225214,0.978788862,0.930514501,0.915814343,0.8107151,24.80248912
boat_5,lamp_2,1.053235596,0.899296452,1.205566267,1.244659155,0.855006445,0.958597758,1.39649412,0.900487341,1.204562522,1.030694503,1.104388963,0.744818602,1.154849502,1.119745555,0.851012512,0.999604173,1.102028457,0.987797862,0.776255202,1.070757274,0.8349587,32.63523644
boat_5,lamp_3,1.158747865,0.975836198,1.300065739,1.44287972,1.452907478,1.418273184,1.367661493,1.406521763,1.103444745,1.187090004,1.168904188,1.195227963,1.185087569,1.178647654,0.779449384,1.154297381,1.164385035,1.253956551,1.287601068,1.284149486,0.78386563,29.4321079
boat_5,lamp_4,0.962092571,0.813394634,1.040311934,0.975768581,1.06916589,0.987983535,0.819575394,1.020023678,0.946352618,1.052652505,1.06869931,0.867799316,0.945778287,0.966230185,1.036113645,0.943883571,0.873285133,0.826186264,1.209908579,0.918960271,0.74585456,38.16109645
boat_5,lamp_5,1.105932823,1.059951472,0.870799941,0.847465367,0.791345041,0.848211895,0.606386644,0.864867052,0.746509544,0.76745949,0.99954053,1.009707139,0.979238872,0.799335226,0.959034811,1.060100777,0.798708192,0.842531861,0.791843701,0.779528247,0.85015637,30.59499026
camera_1,camera_2,1.143348742,1.162662048,1.103600673,0.94112933,1.095391103,0.954557598,1.326039228,0.937902626,1.223405585,1.050497378,1.2102762,0.966445557,1.183621978,1.205822565,1.324155885,1.183679408,1.411574668,1.066516518,1.088729432,0.971912249,0.88590556,18.04794025
camera_1,camera_3,1.20549026,1.211328794,0.800456072,0.99404149,0.844592086,0.849816095,0.741365476,0.969706491,0.782093193,1.03867553,1.23172232,1.095754534,1.03767056,1.152881876,0.875528793,1.118171106,0.87304033,0.958555042,0.872708575,1.027557974,0.8787874,19.51197214
camera_1,camera_4,1.108119198,1.025448212,1.066677652,1.078775657,1.242196391,1.130839012,1.009052814,1.080848341,1.055520892,1.185607604,1.188527213,0.933873276,1.084507587,1.068799421,0.986582575,1.110638585,0.661477546,1.104406512,1.351893179,1.213941843,0.83897704,15.04516555
camera_1,camera_5,1.043055307,0.932402426,0.810082371,0.964462119,0.620975818,1.055033784,1.099602216,1.071247984,1.053615365,1.200522921,1.135026501,1.045832206,1.147549865,1.242931179,0.729230441,1.093968925,1.208106794,1.036933455,1.107453842,1.166274697,0.782721,22.90458305
camera_1,car_1,1.013340487,0.948538487,1.243804479,0.988347066,1.215754713,0.971904945,0.69940443,0.997040235,0.775110857,0.824698959,0.870768779,1.141669763,0.986859979,0.967076473,0.770826478,0.835623104,0.703358745,0.865873309,0.897279647,1.050997528,0.7399,27.15375571
camera_1,car_2,0.97434966,1.031198454,0.590334352,0.745719607,0.869760368,0.813168007,0.567369835,0.907364702,0.669479023,0.843827337,0.87234415,1.039576896,0.844691708,0.919923116,0.985838299,0.930572302,0.597556865,1.019801667,0.902953053,0.650233547,0.7921609,24.84286208
camera_1,car_3,1.101515239,1.288574253,1.527659889,1.403103565,1.27206058,1.5242167,1.51034022,1.481789771,1.414008802,1.330557706,1.19128525,1.013444016,1.174215666,1.219640064,1.300588698,1.135999105,1.20467537,1.103697744,1.152752579,1.400375624,0.7866242,23.90411688
camera_1,car_4,1.124985956,0.998477821,1.04665378,1.097672382,1.163280401,1.095334496,0.877406072,0.969391458,1.136296155,0.999463731,1.089581068,0.974684763,1.031623664,0.81008907,0.98305099,1.057828241,0.940383544,1.003278427,0.858691579,0.924345806,0.81135464,33.09140968
camera_1,car_5,1.124903623,1.086502841,1.047073667,1.078134978,1.419943747,1.120586453,1.019693851,0.994239155,0.853798391,0.934815211,1.157975871,0.922759872,1.195566905,1.034444859,1.524441242,1.106614673,1.166732213,1.001711885,0.979292102,0.822519887,0.7969212,23.77126253
camera_1,guitar_1,0.894265627,1.047278129,0.746005981,0.847649913,1.154441713,0.768247224,0.91024975,0.844572356,0.84550871,0.886458982,0.946943516,1.025303477,0.97329116,0.851043769,1.343920222,0.838419053,1.199361486,1.114908908,0.997096586,1.046327358,0.7125297,35.95001739
camera_1,guitar_2,0.861872372,0.944681565,0.743202261,0.707866266,0.703686638,0.838278949,0.654026382,0.879797185,0.673259399,0.863559681,0.811196169,0.95558095,0.709129273,0.75913488,0.714389681,0.740315375,0.681233974,0.461078915,0.674867163,0.699590626,0.7191959,34.38529075
camera_1,guitar_3,1.075373969,1.14843393,1.433445101,1.421752917,1.238310088,1.253150811,1.427072141,1.245475029,1.23366929,1.249903607,1.175062195,1.339792907,1.297470353,1.427953532,1.31451158,1.366487786,1.532399676,1.411039218,1.416829964,1.341838133,0.7341546,38.3083591
camera_1,guitar_4,1.004218994,1.114261657,1.235119648,1.273113071,1.090310693,1.345379396,1.169378282,1.389935431,0.882065293,1.139232146,1.080450018,1.18562937,1.068001043,1.189340147,0.911222425,1.043230939,0.66066454,1.202014195,0.959022058,1.27034199,0.73698664,35.89382361
camera_1,guitar_5,0.810986686,0.980760795,0.69542061,0.656125951,0.788531536,1.202338422,1.021517844,1.026834086,0.918610172,0.948833512,0.84123651,1.124772343,0.967252536,0.843513296,0.609397731,1.024795267,0.806943837,0.808857974,0.814446114,0.609660398,0.7096392,37.6135222
camera_1,lamp_1,0.867515074,0.893040465,1.045883722,0.980725572,0.799851085,1.009480613,0.633505232,1.03077684,1.038246709,1.012336911,0.900709899,0.902179178,0.87681801,0.929856421,0.765537673,0.88334309,0.912408515,0.929180027,1.145399062,1.240267634,0.75621295,27.02111852
camera_1,lamp_2,1.006884397,1.153734171,0.949539295,0.871518239,0.720059423,0.842181321,0.797899919,1.012440038,0.904574555,0.938649255,0.995128909,0.917386979,0.816581658,0.898035717,0.894259951,0.978469889,0.674165367,0.918248512,1.12147364,1.010061004,0.7873709,25.04485292
camera_1,lamp_3,1.030342874,0.964421978,1.13306761,1.081488548,1.214729828,1.114185426,1.174430195,1.073964314,1.211376093,0.89134136,0.935909347,0.925864807,0.869833319,0.767576447,1.19449297,0.999358777,0.840162466,0.738573536,0.942598441,0.947198719,0.8435043,29.59541814
camera_1,lamp_4,1.032718182,1.151869809,1.475176342,1.319398075,1.192801563,1.08162916,1.057509845,1.090266351,1.132277666,1.072353354,0.935831783,1.249125708,0.969435608,1.189838995,0.969133181,0.949449987,1.175956359,1.410100924,0.753288173,1.285716368,0.78031856,34.28220739
camera_1,lamp_5,0.892196002,0.942668577,0.957359223,0.941631969,1.134235829,0.872534904,1.181670482,1.102360272,0.866104519,0.974291832,0.790161535,0.958203064,0.680331258,0.905564053,1.05597781,0.735401686,1.212450554,1.120928315,0.908899635,0.935628699,0.77936167,25.39148991
camera_2,camera_3,0.726048053,0.874272162,1.092667531,1.124614465,0.954382244,0.961609672,1.077635963,1.008673008,0.97504958,0.923406366,0.793477579,1.047690481,1.062544374,0.922609164,1.045019415,0.866224899,0.870883275,0.865665498,0.833101465,0.841474183,0.9139811,8.00362018
camera_2,camera_4,0.861494617,1.097989395,1.202140223,1.130709677,1.145171992,0.974548509,1.081702519,0.971581997,1.035808197,0.962830497,0.897176777,1.103368188,1.036390306,1.101438223,1.179704335,0.989770675,0.974292652,1.005790063,1.132556672,1.037128652,0.9240173,12.83606131
camera_2,camera_5,0.853286141,0.906680548,0.930335959,1.166357381,1.127461126,0.795201208,0.644980302,0.90168521,0.598807898,0.832039737,0.883040084,1.08363314,0.753350148,0.834425999,0.992521865,1.021747249,1.071745619,0.899265623,0.917031003,0.860438618,0.87132573,14.46012897
camera_2,car_1,1.038670943,0.946782621,1.198950049,1.168384456,0.857787202,1.305022272,1.256556858,1.206740444,1.312806629,1.154380093,0.922466774,1.209874082,1.090089746,1.240312529,1.458314832,1.13669266,1.115576006,1.145254118,0.90433612,1.215149808,0.8252327,18.13804891
camera_2,car_2,1.119610589,0.890235545,1.278212522,1.165199723,1.360658232,1.010415272,1.559583428,1.144083374,1.449779134,0.95949061,1.148465254,1.105191232,1.071852859,1.024000387,1.042816216,1.081451278,1.24109041,1.044398139,0.863389903,1.076059385,0.83430904,20.77378589
camera_2,car_3,0.818610476,1.003443665,1.116391711,1.041490592,0.975237418,1.092799996,0.748314904,1.151267683,0.866552163,0.983628297,0.860421605,0.885415302,0.939803747,1.072884346,0.834540643,0.931197446,1.067909958,1.004426291,0.8392663,1.079364733,0.8625414,20.51461528
camera_2,car_4,1.11816823,1.236813966,0.968657624,0.978593124,1.398650785,1.23917684,1.525809782,1.153617453,1.187286122,1.20408361,0.955021684,1.180765715,0.984189732,1.165567491,0.999808361,0.870280995,1.034309118,1.126291821,1.177184082,1.054551604,0.8601599,21.89628472
camera_2,car_5,0.951085453,1.097101139,1.067957627,1.140971118,0.761759222,1.034195559,0.962336349,0.990736757,1.040579624,0.831890574,0.916293116,1.00984751,0.975005816,1.146593341,0.510993578,1.134134558,0.972109865,1.186303247,0.822696623,1.118358981,0.86322784,20.32582655
camera_2,guitar_1,1.326234332,0.973241137,1.291671243,1.224727506,1.151505351,1.203571755,1.359784806,1.37024485,1.432310851,1.139466886,1.231367281,1.013728236,1.25833843,1.214773137,0.960419121,1.297432379,0.900578132,1.162720693,0.99538105,1.048310478,0.7399874,33.58575498
camera_2,guitar_2,1.235925675,1.261910756,1.336244487,1.181594091,1.178663334,1.201417958,1.445628945,1.097981718,1.409897043,1.356584577,1.156061638,0.94801009,1.125235026,1.130794042,1.011443454,0.951206194,1.18463579,1.106158594,1.487441261,1.116326498,0.77082765,36.54444659
camera_2,guitar_3,1.014945879,1.175713795,0.86952291,0.851673619,0.721728148,1.105311732,0.798849324,1.0645384,1.049028645,1.242095851,1.052323677,1.138467944,1.119021037,1.055500397,1.026946564,1.025705068,0.834398942,1.110821419,0.988971299,1.181895406,0.7823915,38.37503102
camera_2,guitar_4,1.234219654,1.003933874,1.52440658,1.462589055,1.228545819,1.406189915,1.312516888,1.359483493,1.674702806,1.580213849,1.173355556,1.313419145,1.298608952,1.313572808,1.078176148,1.360679966,1.39441061,1.36835753,1.554065357,1.477107001,0.7622744,38.60689214
camera_2,guitar_5,1.251639371,1.102775051,0.776961791,0.784820095,0.832842648,1.108286509,0.898764653,0.994530078,1.022005336,1.003388583,1.185438507,1.044255679,0.916021754,0.927692517,1.368960516,1.023719121,1.098691112,0.811871967,1.011325146,0.929898914,0.7347574,38.89114472
camera_2,lamp_1,1.136577923,1.047116788,1.283217452,1.213370136,1.179413592,1.295658126,1.266411703,1.404799808,1.207416816,1.428353798,1.264026235,1.03779595,1.244168616,1.190151272,1.252527525,1.134572095,1.113238459,1.111923099,1.322566828,1.339650048,0.8289024,24.48676455
camera_2,lamp_2,1.009353238,1.214919459,1.02059057,1.162728607,0.992040552,1.161368659,1.199797708,1.047612455,1.158491428,1.0469261,1.185835856,1.102286442,1.175664548,0.98064475,1.185675673,1.031277729,1.324953127,1.132027531,1.11806743,1.058600094,0.79193014,30.242962
camera_2,lamp_3,1.039993231,1.00010221,1.311535526,1.069339727,1.202264636,1.34499013,1.338063808,1.068848985,0.993568673,1.129531802,0.997320666,0.950138887,1.155982052,1.149545246,0.770954091,1.136087237,1.046815616,1.042759679,0.916223681,0.962453079,0.81959486,32.32809329
camera_2,lamp_4,1.188002153,1.072442444,1.130917946,1.071927607,1.049671939,0.897517795,0.665910852,1.026067752,0.790555796,0.878707507,1.313426586,1.058893877,1.19997083,1.106222779,1.604098324,1.136969925,1.100527587,1.082696381,1.138953756,1.293363677,0.8114305,34.46771845
camera_2,lamp_5,1.247107249,0.99977406,0.730019225,0.667388183,0.775122915,0.754538268,0.728295247,0.882082797,0.85650504,0.861968155,1.276900533,0.939079474,1.085216449,0.982035533,0.88761417,1.07475476,1.044535351,0.987132224,1.202217722,0.901300779,0.7687499,28.60423894
camera_3,camera_4,0.816194431,1.199129079,0.783177205,0.882222443,0.95612328,1.087904167,0.776589416,1.029093846,0.714398608,0.706792149,0.893080912,1.01242565,0.958194093,0.852550375,0.95067271,0.966779087,0.65056523,0.776266222,1.210013956,0.877315762,0.8597302,8.966816745
camera_3,camera_5,0.947027519,1.110515202,1.133824181,0.937792325,0.82665084,0.948311529,1.042964488,0.921045449,1.025917489,0.862042804,0.843020816,0.960145784,1.076442919,0.956695195,1.189407821,0.99676825,1.349262725,0.795673383,1.335359339,0.961241677,0.8448856,11.31335888
camera_3,car_1,1.052961996,1.11113463,1.166004873,1.046895933,1.08807513,0.872208221,0.858212887,1.073871028,1.135427571,1.117906963,1.125599987,1.08654302,0.909545311,0.887859209,1.280786464,1.034767495,1.078491289,0.943814325,1.00491599,0.943957733,0.77777714,19.86922653
camera_3,car_2,1.042341268,1.087824871,0.791686229,0.932430499,0.91837039,0.935753846,0.910366722,1.076395293,1.107319884,1.149068257,1.124305591,0.910694611,0.936137915,1.009525913,1.116329214,1.018519881,0.898109006,0.83110174,1.134781878,0.953786389,0.7754172,18.68206985
camera_3,car_3,0.921737134,0.745916281,1.096307916,1.126966773,1.032067959,1.178903115,1.250105059,1.079394982,1.137958449,0.938865642,0.96610484,1.182392834,1.116170565,1.107045413,1.13766444,1.122780094,1.129381603,1.331724409,0.981728127,1.084227165,0.8142156,17.87485891
camera_3,car_4,0.90827351,1.058253909,0.705791011,0.758599298,0.808304775,0.785281177,0.932776101,0.857291673,0.882443412,0.942867207,0.828300248,1.013565299,0.844881594,0.901803423,0.90766227,0.889752215,0.737245034,0.868580112,0.902723578,0.948003622,0.8174974,18.78596268
camera_3,car_5,0.883817554,1.092330042,1.36535257,1.140491855,1.197809153,1.162278052,0.90992333,1.080931632,0.892355193,1.100724498,0.950944259,0.941104624,1.070583279,1.116357337,1.162731537,1.15261052,1.020648053,1.08286716,1.206846,1.342275976,0.80151623,20.11266096
camera_3,guitar_1,1.161775516,0.815351143,1.05107373,1.127441838,1.328368342,0.90063845,1.067076838,1.07287175,0.91383282,1.265721421,1.301473488,0.863933949,1.017325332,1.234912712,0.909382702,1.062741629,1.077255861,1.010625851,1.063815967,1.276888789,0.7124344,41.37080259
camera_3,guitar_2,1.124359519,1.169493388,0.836374364,1.019330566,0.763291751,1.012981704,0.907490558,1.056465238,0.976137891,0.905416796,1.095503502,0.867970191,0.888978424,1.013943783,0.846925695,0.977780275,1.113401641,1.054007831,0.899422588,0.921203665,0.73459756,43.82560292
camera_3,guitar_3,0.948070185,1.141802936,0.945800246,0.916440655,1.205176089,1.037289962,1.146986368,0.896484769,1.047446072,0.890312028,1.041891006,1.015063779,0.935736991,0.838436952,1.285626226,0.921189108,1.253098691,1.074798983,1.01386487,0.96280735,0.7432594,47.7467937
camera_3,guitar_4,1.112659604,1.055272942,1.067922248,0.970170254,1.190130371,1.296900662,1.340999832,1.192565716,0.998836403,1.015394976,1.221172424,0.952192405,1.000606332,1.125419904,0.788393476,1.117513263,1.144283386,1.298034745,1.339853077,1.232982788,0.7399338,45.38689392
camera_3,guitar_5,1.371863225,1.150019864,1.424929833,1.301475074,1.02539899,1.15644069,1.163560877,1.010267039,1.277721222,1.106296909,1.331701345,1.027442263,1.20251728,1.192951746,0.860572299,1.072364457,1.015110183,1.204587243,0.900577358,1.033446072,0.70956874,46.91469958
camera_3,lamp_1,1.232890354,1.3216785,0.715060399,0.935409155,1.245213659,0.899566401,1.183623481,1.029121307,1.0762145,1.09380433,1.166158633,1.302001234,1.025448299,1.103800078,1.104829166,1.100338279,1.192222245,1.23626473,1.002498979,1.036882288,0.793778,29.64597837
camera_3,lamp_2,1.22170762,0.960951507,1.236518388,1.074228234,1.149919655,1.085126461,0.77688092,0.975927215,0.949608233,1.2059149,1.282097553,0.960273414,1.183374182,0.886165164,1.221459242,1.135383112,0.895309273,1.065129226,1.158033124,0.883975027,0.79173046,33.69190038
camera_3,lamp_3,1.132572827,0.992487787,1.352999849,1.377004087,1.195249555,1.026782166,1.03768127,1.144769985,1.393370377,1.231794978,1.158521853,1.206358902,1.337117362,1.219732567,0.987513968,1.090842674,0.702263575,1.033691922,1.074769896,0.958302571,0.85033417,34.97323456
camera_3,lamp_4,1.001534709,0.892412628,1.072949433,1.112936115,1.037015314,1.167893484,1.159157531,1.146263637,1.222589317,0.974889454,0.954766035,0.905233843,0.967832016,1.053533003,0.997195322,1.138428155,1.362425219,1.215010273,0.634029252,1.11811218,0.80503106,40.26870818
camera_3,lamp_5,1.148391254,0.933518904,1.104645447,1.120782145,0.87011781,1.218334399,1.165030438,0.880219388,1.100892855,1.041671588,1.073543158,0.836554111,1.16088061,1.101182603,1.112268026,1.067500043,1.350818376,0.897484572,1.177111725,1.120878393,0.7548198,32.94954509
camera_4,camera_5,0.988204492,1.02354388,1.320348204,1.225320711,0.99346626,1.106125524,1.10397627,1.06934628,1.11354779,1.028068651,0.859844641,0.924506122,1.063883232,1.071095789,1.118296656,0.823615047,1.225604582,0.946326822,0.706057322,1.190934344,0.87639177,11.86735594
camera_4,car_1,0.9835115,0.844431964,1.071723921,0.985739139,1.083788944,1.198554437,0.852198958,1.224377186,0.988453965,1.037135165,1.029091573,1.028412043,0.909096151,1.012788445,0.891124031,0.981594058,0.978555137,0.936690651,1.249231733,1.072605886,0.78977597,20.65577526
camera_4,car_2,1.021832175,1.01157449,0.818706264,0.959882913,1.052925242,1.075343868,0.966704736,0.898040808,0.911889254,1.136537734,0.979200766,1.193006199,0.916448104,1.068055761,1.138688897,0.940289588,0.553361439,1.01256577,1.265799875,1.124352229,0.8177493,20.25473209
camera_4,car_3,0.880955884,1.1173526,0.681865007,0.832734227,0.862081626,0.916461502,1.180479545,0.943520591,0.923136094,1.03930906,0.858133996,0.89735208,0.856270366,0.97311508,0.824114961,1.07237727,0.926058474,1.004691142,1.090410584,0.888219959,0.84028685,19.56459152
camera_4,car_4,0.948892133,0.994670719,1.083445006,1.053262043,0.884780505,0.969649672,0.902957944,1.163627305,0.984342413,0.941699787,0.897332623,0.961830471,0.980653112,1.020209609,1.428677319,0.947675187,1.132834619,1.20609417,1.081620128,1.007678713,0.8542234,24.13580986
camera_4,car_5,0.708291318,0.848804811,0.949544418,0.696798892,0.963898079,0.428201276,0.700650048,0.546326294,0.533056916,0.883417033,0.804859021,0.911517544,0.740415116,0.783756215,1.036059168,0.744718958,1.104574345,0.647529916,1.088554345,0.811606733,0.82096237,19.85041964
camera_4,guitar_1,1.063730895,1.050688023,0.835310992,0.833476377,1.240503295,0.991409092,1.043577913,1.046405302,0.922528222,1.301662636,1.03071869,1.025708547,0.849758392,0.835693868,0.949332057,0.970508846,1.241446924,0.794204208,1.094769284,0.994394723,0.6931547,29.48802925
camera_4,guitar_2,1.120033137,0.834145679,1.201152895,1.059880627,1.005213962,1.244577208,1.016571404,1.235431176,1.143378043,1.216483781,1.163561802,1.011925869,1.23363625,1.180855664,1.027676793,1.325326163,0.867673622,1.138215563,0.993940496,1.425311395,0.72970843,30.42834747
camera_4,guitar_3,1.135672124,0.847648772,1.05112274,1.10721004,0.861301446,1.086659197,1.095593104,1.060061626,1.032956134,1.019385123,1.127269591,0.999124439,1.151554675,1.037010738,1.121045122,1.096511145,1.488422473,1.038345873,0.923385871,0.915877519,0.75476843,33.4208714
camera_4,guitar_4,1.174848828,1.052490467,0.82901285,0.937624517,0.689870539,0.997185965,1.14738321,1.038317904,0.992502496,1.037525707,1.140183115,1.125114437,1.246734002,1.212567737,0.9340667,1.136783158,1.168097148,1.187731348,0.877807366,1.133279683,0.72649306,31.96174268
camera_4,guitar_5,1.367939625,0.987699916,1.52463311,1.409590637,1.368934197,1.392629738,1.491460973,1.514007179,1.51399018,1.2963878,1.396207667,1.239239984,1.261276301,1.271780802,0.841405921,1.275745693,1.130484065,1.306974972,1.454807866,1.339085124,0.69927585,32.70904383
camera_4,lamp_1,1.220342028,0.941272123,0.834883518,0.95807488,1.060071574,1.22664585,1.043320757,1.10417479,1.11659006,0.953484427,1.319803873,0.996382357,1.168197985,0.940916665,1.123860015,1.218515852,1.259375516,1.108247949,0.679310476,0.785384939,0.7731097,23.02084961
camera_4,lamp_2,1.141912705,1.148683741,1.226584949,1.219860673,0.958080983,1.164178853,0.753734862,1.244211452,0.989787774,1.102339072,1.137974505,1.175318445,1.185673688,1.145829099,0.683502108,1.196458392,0.705144676,1.163937246,0.991499536,1.001683657,0.7317918,25.49957884
camera_4,lamp_3,1.062673701,1.149423713,0.927735236,1.185028153,1.259823363,1.161978431,1.103012434,1.18455376,1.212268126,1.105476142,1.048432875,0.841729823,1.145539099,0.975137232,1.236740138,1.191099738,0.710794141,0.923305713,1.266925039,0.97686123,0.8201113,25.35517333
camera_4,lamp_4,1.235510511,1.162763591,1.031124999,1.196036923,1.02641394,0.838350277,1.153800484,0.771269144,1.135007555,0.989269889,1.289291726,1.157553703,1.265135829,1.308201437,0.87152651,1.298106129,1.330209373,1.166701937,1.262565127,1.151828253,0.74769706,30.46517249
camera_4,lamp_5,1.200036951,1.243152249,1.362737114,1.137336078,1.070638418,1.075576177,1.076789067,1.170652341,1.379883059,1.17195378,1.33571026,1.269256347,1.376458454,1.200897565,0.960699453,1.217674705,1.307168652,1.154615859,0.761450708,1.179975111,0.7165776,24.18958136
camera_5,car_1,1.005714486,0.812249956,1.131126502,1.181889356,1.113807967,1.021162197,1.358930824,1.121000595,1.11812396,1.040719577,1.048471209,0.998276309,1.027594598,1.118725285,0.637913098,1.020915397,1.091785234,0.989549928,1.13447594,1.033944689,0.80026585,11.76992993
camera_5,car_2,1.166064855,1.127416627,1.141985183,1.102121833,0.592612027,1.079916026,1.20001028,1.010499533,1.390302969,1.162006269,1.235716904,1.188501011,1.152677846,1.124309014,0.947270103,1.079264419,1.152613619,0.912709284,1.117949531,1.187215521,0.76020926,15.41777745
camera_5,car_3,0.737903703,1.115164237,1.217348053,1.127860885,1.029598342,0.860364444,0.877933161,0.913749428,0.877692337,0.854174524,0.949030026,0.933524176,0.919363051,0.994035283,0.932883778,0.80113219,0.695330502,1.165905089,1.057879442,0.971055963,0.8262869,15.04075979
camera_5,car_4,1.038758269,1.129468202,0.968405046,1.086608668,0.839625209,1.342866305,1.237257696,1.295763579,1.260508957,1.1696441,0.993602246,1.184257928,1.127188857,1.297049755,1.170797704,0.978906089,1.243131135,1.162300513,1.162371139,1.163416768,0.81808525,14.37589693
camera_5,car_5,0.958902293,1.159708035,1.099977827,1.352245908,1.424511731,1.266373769,1.262921722,1.129900068,1.094066343,1.132002424,0.961994665,1.166584479,0.989483238,1.076841502,1.252410325,1.045430013,1.256352369,1.16946093,1.123578008,1.27918954,0.7974237,17.16788757
camera_5,guitar_1,1.23985833,1.303369221,1.06263749,1.154986369,1.417753935,1.455648746,1.559052105,1.342673792,1.467948954,1.254616719,1.265164356,1.164347401,1.277859823,1.143274532,1.564290039,1.224255046,1.303432233,1.011423774,1.319742989,1.197742439,0.7034298,20.02904771
camera_5,guitar_2,1.152824367,1.088044169,1.011754204,0.925495291,0.660894533,1.035373404,1.099355949,1.27128052,1.35079119,1.030495998,1.289856606,1.327342496,1.135743613,0.996219276,1.232136948,1.258909478,0.913708623,0.993889682,1.083918882,0.957553793,0.7617645,20.47843731
camera_5,guitar_3,0.951637763,1.125634302,1.103386839,1.098602694,1.395392037,1.072624852,1.041422696,1.169687988,1.25595064,1.083326945,0.927077726,1.062814068,0.96381461,0.923528405,1.05866196,1.029997977,0.932830278,1.231761876,1.202789917,1.089264307,0.77762735,24.2695391
camera_5,guitar_4,1.24960644,1.163030184,1.244040084,0.917984267,1.136555266,1.150972624,1.039091554,1.186997641,1.519050857,1.159557964,1.156528825,1.078617082,1.065099009,1.100803977,1.303995619,1.140766008,0.936532662,1.171547473,1.100697315,1.077516041,0.74063915,21.70188023
camera_5,guitar_5,1.027686732,0.893887497,0.806902886,0.925430989,0.875220099,0.868474758,0.899788599,0.817508795,0.866861926,0.99190174,1.116935864,1.102691715,0.947093345,0.888622512,0.71916205,1.07644706,0.998963824,0.92772542,1.096455868,1.075240826,0.71156543,22.23207509
camera_5,lamp_1,1.149588996,0.868856076,1.114434519,1.000717107,1.177489139,0.986130923,1.16094842,1.094398929,1.29220867,1.182840499,1.112784617,0.934686141,1.165248199,1.254459296,0.987305011,1.285643774,1.049920184,1.527404091,1.004616016,1.285834268,0.809656,20.22919411
camera_5,lamp_2,1.120000614,1.238629426,0.960346395,0.990798765,1.126086896,1.147588189,1.400202094,1.107925314,1.180823291,1.200661941,1.126086661,1.071295262,1.04874149,1.090357468,0.837807307,1.005753644,0.926758112,1.185425092,0.800042848,0.949593839,0.7606657,26.75380339
camera_5,lamp_3,1.075685403,1.043747621,1.185959492,1.127922781,1.112504872,0.958068954,1.171557582,1.072755293,0.869831309,1.434649075,1.122121574,0.903361076,1.11943988,1.277570851,0.828700635,1.072480056,1.0097007,1.057460208,0.998896706,1.158798391,0.82273954,18.10470986
camera_5,lamp_4,1.179289306,1.083163745,1.238311559,0.99941331,1.221417719,0.96553086,0.762961911,0.815827941,0.771859661,0.801226164,1.14545312,0.977933693,1.067721773,0.972249707,1.06032816,1.22353929,0.861445046,1.040978487,1.474518831,0.961432658,0.75550324,29.10906007
camera_5,lamp_5,1.132933868,1.149980904,0.883448529,0.98934117,1.092459516,1.042931515,0.793767855,0.913328672,0.784846285,0.843190924,1.184470032,1.056267314,1.022902987,0.787960885,1.437978035,1.10134764,1.072121506,0.666313806,0.654145819,0.854781922,0.7442011,25.59501867
car_1,car_2,0.836073518,0.882207275,0.988151311,0.890765747,0.914246394,0.758641979,0.804439804,1.05572791,0.695718448,0.787423804,0.72063348,0.859779104,0.73669729,0.823008209,1.070644587,0.761654615,0.838776005,0.845013378,0.847979712,0.814487495,0.8445019,6.12506454
car_1,car_3,1.032752285,1.084701203,0.915066612,0.920903704,1.144578874,1.049845082,1.354821206,0.972840599,1.28080163,1.091874781,0.968045428,1.000311227,1.144965749,1.089750141,0.92319396,1.063214042,1.246808484,1.217279382,0.74607014,0.926428839,0.8704706,9.452426605
car_1,car_4,0.826156902,1.094408894,1.000443006,1.102138888,0.90029014,0.837938481,0.870191225,0.795155601,0.824689245,0.922864265,0.790020986,0.876745945,0.808729313,0.845240297,1.245311069,0.850667955,0.874259582,0.88593453,1.166729491,0.966034322,0.8699632,10.63913228
car_1,car_5,0.939032834,1.056264879,0.804541148,0.834153055,0.952687161,1.114456679,0.80633023,1.163632643,0.872598988,0.968413012,0.929169319,1.067643207,0.73951019,0.870854371,1.241734857,0.880255465,0.754070476,0.81154099,0.895553614,1.027799081,0.857439,15.57795135
car_1,guitar_1,1.108347616,1.170592195,1.017736029,0.945591518,0.897165781,0.89513469,0.838736159,0.802960426,0.877671696,1.007734172,1.032661965,1.120034075,0.821436096,0.859499312,1.38046861,0.954625947,1.01853823,0.670716021,0.852851698,0.96527799,0.7287814,27.93839767
car_1,guitar_2,1.003849298,1.063178232,0.834863775,1.001445587,1.264770751,0.927072951,0.874619456,0.989716315,0.849044747,1.073510101,0.990978309,1.050548299,1.067489922,1.008332549,1.141094219,1.073891729,1.004728842,1.106713954,1.255346183,1.018327743,0.7382105,28.59046108
car_1,guitar_3,1.23030858,0.921573207,1.078713214,1.181319411,1.094950778,1.031383793,1.044058272,1.206476025,1.045521585,1.130226923,1.167927084,0.851394923,1.214516924,1.079275229,1.080207414,1.17170854,1.10643642,1.304173072,1.15671525,1.172116222,0.7495841,31.33551229
car_1,guitar_4,1.075298294,0.935034059,0.76965689,0.893442379,1.206800416,0.938349304,1.01974192,0.828394582,0.869325222,1.066179516,1.07947469,0.978621143,1.099199932,0.911716923,1.258875789,1.164211627,1.007568584,1.184293788,1.224030995,0.941318104,0.73693293,29.49457657
car_1,guitar_5,1.035952998,1.006577596,1.040647833,1.04433051,1.103515328,0.99689521,1.200639405,0.974588662,1.046626759,0.934013902,0.968482147,1.082267467,1.198314348,1.138149459,0.732403609,1.312758685,1.018198865,1.220229982,0.894670881,1.036473554,0.7444937,31.65854624
car_1,lamp_1,1.053471291,1.02814151,1.173425234,1.122551403,1.153785458,0.962705873,0.842909841,0.824093898,1.021326628,1.004467576,1.209560264,1.030627519,1.282341883,1.046395653,0.860613506,1.168686871,0.92384621,0.978357829,1.131695367,1.091825176,0.7702211,34.30836411
car_1,lamp_2,1.078173165,1.173289104,0.879910445,0.892601307,1.071221673,0.928308298,0.761251879,0.824493947,0.616245199,0.841560742,1.142146965,1.130434846,1.120422722,0.916368902,0.839202437,0.975853284,0.705644963,1.172416868,1.127976568,0.87580129,0.73516315,33.18180191
car_1,lamp_3,0.958522519,1.204220587,0.733498605,0.906170174,1.170588283,0.854507955,0.894205231,0.706776151,1.116474276,0.871311016,1.019698834,1.182410163,1.169550875,0.997142064,1.027529039,1.028819479,0.84873506,0.837063884,0.812944302,0.809267463,0.7298888,27.21636782
car_1,lamp_4,1.233380393,1.195843626,0.724374344,0.997525877,0.690422657,1.264752133,0.982386823,1.248643804,1.025112883,1.076317434,1.290893445,0.921529161,1.036345709,0.975358096,0.527479606,1.073474316,1.229751351,1.13983236,0.905840428,0.913096721,0.747762,39.88486629
car_1,lamp_5,1.230651592,1.14769164,1.082455704,1.032845818,0.936858464,1.381721503,1.182092468,1.11114446,1.119760786,1.091541006,1.202399893,1.202103514,1.152778038,1.169096495,1.223368132,1.247126955,1.175235114,0.974535589,0.978569925,1.052983716,0.729048,34.23434196
car_2,car_3,1.219487361,1.039235037,1.081109784,1.173442562,1.098306435,1.242068319,1.38549283,1.160498224,1.291126,1.218444026,1.118450444,1.081688983,1.133164009,1.209920425,0.840202059,1.187837958,0.913186869,1.364445289,0.880351279,1.120767859,0.8750136,4.787215003
car_2,car_4,0.867898108,0.91550556,1.050698759,0.886832432,0.565624127,1.019997388,0.568886479,0.997251172,0.759206079,0.971658591,0.801767223,0.976744824,0.81870759,0.930310987,0.889664043,0.961357858,1.062776661,0.852496935,0.978458324,0.89314435,0.91735053,9.035414452
car_2,car_5,0.861151609,0.890327482,1.248643814,0.88961812,1.308805181,1.098468982,1.226115661,0.988392964,0.879103981,0.939438008,0.919618033,0.984906366,0.81774399,0.894616783,1.132960848,0.816804386,1.110612948,0.947381647,0.79620025,1.118974424,0.8865005,12.75038582
car_2,guitar_1,0.996507178,0.762389999,1.080931563,0.945270866,1.160191926,0.866911437,0.745301523,1.055356633,0.769893408,0.958372427,0.9442221,0.960157589,0.955292571,1.064253799,1.320030429,0.980525144,1.252751615,1.218178663,1.073485845,1.27153292,0.69481355,34.90251336
car_2,guitar_2,0.878746154,0.894074574,0.67639182,1.005223308,0.811118521,0.789701088,0.583464387,0.887253047,0.526052647,0.851523608,0.913920813,0.876320757,1.124082874,1.038787512,0.813280381,0.904942904,0.906410066,0.965081405,1.278461693,0.718418709,0.70678174,35.00230078
car_2,guitar_3,1.323591687,0.972246817,1.346444861,1.368362602,1.622669718,1.140855434,1.514294316,1.147195211,1.114991322,1.215544666,1.313163229,0.890565722,1.315647362,1.232741012,1.269877442,1.161941327,1.453477301,1.118713645,1.39369522,1.288000979,0.7251631,38.32403607
car_2,guitar_4,0.845725545,0.981714361,0.841748151,0.863071124,1.090266956,0.900522691,0.852924112,0.867416986,0.610026737,1.030030545,1.098920208,0.878580644,1.207479166,0.936112588,0.956976331,1.120106887,1.080886548,1.044066742,0.847992143,1.149806413,0.71488506,36.12332486
car_2,guitar_5,0.98111253,1.10694362,1.022950644,0.951903863,0.960807856,0.895910338,1.034516041,0.927058629,0.960848279,0.775742458,1.007261499,1.026049413,1.182494834,1.015209433,1.131619293,1.08329719,1.007982662,1.124338926,0.576848171,0.747834784,0.70016843,38.31409784
car_2,lamp_1,1.102781915,0.993895844,0.936723082,1.111954131,1.210348842,1.15744698,0.868198191,1.086649175,0.996596659,1.055523136,1.083915272,1.166562012,1.171910239,1.235613759,0.860455798,1.166723997,1.127612135,1.295519987,1.354807378,1.189871106,0.7252075,37.33407986
car_2,lamp_2,1.236443944,1.086322303,0.956640133,0.877291899,1.280146883,1.064949724,0.87746367,0.992997596,0.898568598,0.856745583,1.118321108,1.055500399,1.18541215,0.995142947,1.272315498,0.995276029,0.642197114,1.067457864,1.366180239,1.010610983,0.71646905,32.69701602
car_2,lamp_3,0.971166602,1.213662071,0.934168357,0.978178001,0.962599036,1.201169658,0.831613262,1.187160633,1.11629905,0.825456716,0.992678081,1.2031693,1.087671713,1.033963111,0.6955139,1.256291223,0.67581596,1.13668453,0.699131438,0.747276345,0.7226746,31.00621149
car_2,lamp_4,1.12917201,1.239165644,1.110165282,1.245325809,1.057512773,1.242959773,1.231431267,1.080497437,1.319426627,1.125279503,1.109551491,1.131780453,1.08597097,1.003337999,0.975114399,0.962206315,1.186636539,1.078397045,1.030010263,1.325331011,0.70594734,41.58155881
car_2,lamp_5,1.001069925,1.05776625,1.226394596,1.227866282,1.078977689,0.884077872,1.069470378,0.924730923,1.147167765,1.070087946,0.978862671,0.840252029,0.918727927,0.923700363,1.128220813,0.873572787,1.233653481,0.855943633,1.035785913,0.914429678,0.7084531,33.13070604
car_3,car_4,1.025910233,0.917733489,1.288836691,1.207350395,1.137011037,0.921081733,1.210311584,1.113441927,1.244443661,1.139331496,0.951187175,0.960952059,1.177958631,1.203304016,1.421686814,1.073944215,1.414834123,1.164819218,1.225608067,1.285777481,0.8987604,9.065778425
car_3,car_5,1.089728652,1.14082792,1.203849418,1.114063249,0.700854819,1.051126959,1.058175124,1.191926037,1.167286576,1.238846208,1.052190072,1.182844793,1.114287015,1.17517787,0.766463962,1.194041207,1.347166235,1.195758964,0.625143274,1.108124616,0.9397352,9.072637
car_3,guitar_1,1.299797519,1.040448508,1.174975822,1.059517981,1.029475127,1.254235901,1.206960918,1.106202067,1.115775227,0.954363886,1.157049686,1.246788225,1.11440303,1.077259483,1.334827664,1.301627672,1.289795629,1.125803926,0.937666427,1.059417451,0.72414243,32.45295779
car_3,guitar_2,1.09200213,1.115501129,1.2924915,1.340990701,1.10063648,1.147346725,1.27679386,1.061022749,1.442392338,1.11315043,1.118216938,1.198167621,1.047209192,1.073856334,1.231487689,0.951332989,0.991266327,1.035732952,1.52012808,1.215717152,0.7680376,32.25482715
car_3,guitar_3,0.932219568,1.002697167,0.873952419,0.924470182,0.943201194,1.066789072,0.664036498,0.974708199,1.134360096,0.946634305,0.973188493,0.928377886,0.945899816,0.904333526,1.159271058,0.897882146,1.094837126,0.918042484,1.027254194,0.766139977,0.7772406,36.24126408
car_3,guitar_4,1.296502394,1.045565542,0.807959492,0.935801671,1.161180141,0.884019813,1.012588942,0.765746441,1.229046033,0.96634142,1.114234858,1.323808669,1.193333196,1.031137024,1.267174043,1.124958596,1.029827272,0.97861378,1.252372478,0.957716748,0.77029365,33.50727397
car_3,guitar_5,1.085503863,1.023352902,1.326886515,1.268746259,0.844600257,0.848883741,0.775661931,0.902046668,0.986620749,1.102127657,0.992210769,0.975640121,1.043407761,1.102456276,0.930086362,0.950917641,0.946224039,0.928645567,0.943287873,1.234669081,0.73276234,35.97015572
car_3,lamp_1,1.122769143,1.280447561,0.909333538,0.942760791,1.208560523,1.020346311,1.262995743,0.89033706,1.109043876,1.0008006,1.242640026,0.990645099,0.996391918,0.945080883,1.282707098,1.053471586,1.354324555,0.807976592,1.336788254,1.011914913,0.80333525,36.24981328
car_3,lamp_2,1.018614653,0.957990496,1.317908211,1.220007688,1.187412585,1.098367718,1.235691767,1.084863901,1.224292162,1.13992735,1.047383505,1.155041347,1.047051112,1.030401321,0.711901998,0.930094633,0.824635708,0.900086668,1.080837273,0.962291591,0.75599635,33.19514725
car_3,lamp_3,1.04497733,0.919099658,0.737292914,1.075232481,0.597505985,0.891817077,0.921028276,0.843305797,0.794236521,1.171286943,1.01771143,0.793080286,0.997310973,0.862820108,0.70064979,0.931217139,0.722484895,0.740263008,0.479339,0.761899477,0.7813936,31.6851149
car_3,lamp_4,1.183303589,1.004551916,0.507249224,0.808615479,1.238840783,1.053731408,1.067970104,1.070611832,0.843747514,0.959607596,1.236203971,1.254399905,1.0787222,1.022541003,1.178262166,1.030301605,1.124690497,0.964412762,1.22799824,0.972777131,0.79176164,39.58856805
car_3,lamp_5,1.213243642,1.066483175,1.098784846,1.006782591,0.997836971,1.194523252,0.998274024,1.144868847,0.928920081,1.064783997,1.26539725,1.250395438,1.215958583,1.188892551,1.058517729,1.173243984,1.109259054,1.352212138,1.467000341,1.221448197,0.7482867,33.48018738
car_4,car_5,0.856938838,1.077059308,1.120558467,1.073745253,1.176579276,0.939611841,1.308652999,1.244390496,1.116584893,1.150286703,0.926086193,0.814363324,0.944422836,1.026973089,1.118464315,1.183282286,0.805257505,1.297641692,1.249117865,1.11121996,0.8940737,9.341327784
car_4,guitar_1,1.059045152,1.008005396,1.056542768,1.12818223,1.019465311,0.765142264,0.736800953,0.686318151,0.878975902,0.846530963,1.123378498,0.867597905,0.992153681,1.037897812,0.914171551,1.145430951,0.762865682,1.060575999,1.061904028,1.018406489,0.69908464,35.09858593
car_4,guitar_2,1.164561584,1.032220157,0.816679908,1.049774689,0.982282926,0.904040108,0.873985857,0.832911693,0.794521213,0.975762567,1.188154908,0.896832554,1.072402416,1.078749382,0.597677387,1.034154775,1.227105718,1.021682005,0.88238356,1.034335529,0.7237777,35.39081529
car_4,guitar_3,1.066307764,0.808558572,0.956382752,0.864295971,1.407994024,1.214522365,1.351545855,1.182766242,0.705133515,0.946307764,1.193405927,0.969001709,1.107105987,1.016793179,0.983080721,1.054289851,1.017169096,1.051891459,0.963008812,1.194746086,0.7348231,37.67088521
car_4,guitar_4,1.211095949,1.169845006,1.094123684,1.115786772,0.961262699,1.098230673,0.891748892,1.112598819,0.836774377,0.987492582,1.248580266,1.128432452,1.197525778,1.081282186,0.934886623,1.331744448,1.162817449,1.131565506,0.904406505,1.071550073,0.73815745,36.62259643
car_4,guitar_5,1.169001835,1.16911135,1.334613559,1.24916669,1.313504436,1.198066459,1.204192258,1.030804773,1.288078775,1.03946324,1.319072066,1.144003679,1.338791178,1.138808686,1.263276077,1.30875433,1.209219115,1.207851482,1.094332341,1.044706852,0.7064401,37.93741565
car_4,lamp_1,0.945812481,0.997293439,1.002102426,1.111716858,1.187965394,1.045802258,0.889380069,0.948269298,0.77424743,0.952130131,0.867464764,1.047137859,0.954578716,0.925665635,0.626614905,1.035805962,0.782237002,0.864989959,1.062897903,0.868242176,0.7627634,38.43171713
car_4,lamp_2,1.162246012,0.965796305,0.898469539,0.942659094,1.393895138,0.918741149,0.852949379,0.827373245,0.634412371,0.910025245,1.225068365,1.170355218,1.060354286,1.025117756,1.249560247,1.065740289,0.942723672,0.890684992,0.928339357,0.788318119,0.7231747,40.51358283
car_4,lamp_3,1.041847821,1.102702366,1.219926345,0.979848068,1.099073962,1.004326367,0.777179922,0.952267993,1.199378707,1.017184629,1.116391743,0.994437841,1.055269704,0.962287299,1.034767051,1.024763885,1.110585196,1.025627239,1.037950038,1.151037978,0.7623572,33.38863529
car_4,lamp_4,1.147227028,1.067506708,1.065443928,1.009118794,0.848841432,1.160811934,1.165660353,1.223046991,1.264632123,1.129292488,1.066638573,1.24327507,1.14718896,1.123320608,1.112422037,1.183548113,1.079977608,1.113543921,0.653354775,1.037754144,0.74913365,43.89080959
car_4,lamp_5,1.236231614,1.209563547,0.846537626,1.023352008,0.97059892,1.174364046,1.160096367,0.970090796,1.287700245,1.075238188,1.250988582,0.961132498,1.056395229,1.081404889,1.170373852,1.165404347,1.132626592,1.087950242,0.988087176,0.949300831,0.707919,41.24508986
car_5,guitar_1,1.012113323,0.748481076,0.653538578,0.62754252,0.82105121,0.996122274,0.900174712,1.068561792,0.819560701,0.921088274,1.028700928,0.826593795,0.77543934,0.591589714,0.655346403,0.804914596,0.657388187,0.643982652,0.727215221,0.665088078,0.69137245,27.73844853
car_5,guitar_2,1.211474387,0.772841165,1.140984554,1.063891691,1.169568113,1.300838404,1.191751787,1.282238846,0.955699052,1.218686559,1.057477512,0.902433685,1.343303227,1.120704877,1.462935075,1.158532371,1.407853142,1.100776665,1.45576965,1.192200462,0.7302513,28.49066497
car_5,guitar_3,1.131362989,0.964151064,1.120885521,1.053726203,0.630739042,1.081196148,0.731448075,0.809606178,0.992415424,0.971135229,1.036615728,1.122533636,1.153279466,1.039926448,0.968801812,1.028310309,0.694894858,0.968731158,0.923383274,0.863232815,0.7446827,28.92481551
car_5,guitar_4,1.133165536,1.039549915,0.998222746,1.003270195,1.026173325,0.964646902,1.274234481,1.0630987,1.013002341,1.251121663,1.140744649,0.987165006,1.049367244,1.027818772,1.243208467,0.972537548,1.323469331,0.945586847,0.929623512,1.066776849,0.7358244,29.59020167
car_5,guitar_5,1.113494193,1.027451919,0.844073376,1.033259624,1.006540909,1.263518094,1.347146541,1.374116662,1.241567578,1.105559568,1.228751727,1.029263056,1.138979089,1.052071809,1.503402019,1.068867878,1.425120937,1.14013694,1.048494089,0.9850511,0.7010603,29.77043529
car_5,lamp_1,1.31634857,1.189000149,1.132102918,1.20853601,0.973418083,1.326346023,1.031339868,1.253909336,1.043853156,1.174460254,1.197581074,1.245845336,1.251504861,1.25435478,1.1174129,1.147633771,1.02560003,1.020905648,1.184011391,1.087657501,0.77814376,31.05218971
car_5,lamp_2,1.243310915,0.892895784,0.863193313,1.124479153,1.117272263,1.090251511,0.820432561,1.090204625,1.048680415,0.995013288,1.250037645,0.969846391,1.243023441,1.1812453,1.321297666,1.10828212,0.991395328,1.162486679,1.335459582,1.161616149,0.75932264,29.2417084
car_5,lamp_3,1.160808538,1.094808477,0.765647743,0.85853433,0.728975195,1.013986254,0.984119679,1.073729743,0.970470439,0.853801529,1.146145365,1.130722662,1.041034946,0.963700368,0.839482716,0.975123009,1.10594366,0.996264374,0.581588899,0.857032091,0.77906036,28.67230632
car_5,lamp_4,1.188999449,1.026873979,1.123971535,1.055644419,1.065560428,0.853984815,1.076113401,0.77269505,1.17378708,1.026928753,1.135374758,1.03481256,1.187027972,1.070948408,1.08809556,0.992922295,1.143480266,1.052424411,1.059557998,1.120820139,0.7978993,33.93692329
car_5,lamp_5,1.054468268,0.993150304,1.092807953,1.165720331,1.233259701,1.040959358,1.156365691,1.102118382,1.476836766,1.288878348,1.069587981,0.9986222,1.239705862,1.165318098,0.586688076,1.15569679,1.031809467,1.049693023,1.462685889,1.369514922,0.7370695,29.62537038
guitar_1,guitar_2,0.854627078,0.896525431,1.077665187,0.904621244,1.280604366,0.961929302,0.951487273,0.922475912,0.757669163,1.104155095,0.966858517,0.832579214,1.109933746,0.959764697,1.029187528,0.990339846,1.244811479,1.253499447,1.183290897,1.125014019,0.93727565,5.149758788
guitar_1,guitar_3,1.133425736,1.025200434,1.308054063,1.340237072,0.974585905,1.055074778,1.118514588,1.16136751,1.036295967,1.063316176,1.071950006,1.164771574,1.163710022,1.24706488,0.800903855,1.25274507,0.817388115,1.115954142,0.917854927,1.088202294,0.91667765,7.22343774
guitar_1,guitar_4,0.738928967,0.928857745,0.950126522,1.030027987,0.80758461,1.035186786,1.00466162,0.967633327,0.646016895,1.141080357,0.826299442,0.885245522,0.991101369,0.985520989,0.707797818,0.798636356,1.255808053,1.010537613,0.995875785,0.828252392,0.93770516,5.19849126
guitar_1,guitar_5,0.844120835,1.334646095,0.994209791,0.962096462,1.162851144,1.306192457,1.180570734,1.191495593,1.103682696,1.000134925,0.880574301,1.08229211,1.077060609,1.10930658,1.387660658,1.086669639,1.29487396,1.26130843,1.066054479,1.25289265,0.9592396,5.403197433
guitar_1,lamp_1,0.940051803,1.217412775,0.922478543,1.049117435,0.723570204,0.963896719,0.838068827,0.822675902,0.854159608,0.905593758,0.928492762,1.088653864,1.016620534,1.094726705,1.264862813,0.94263075,0.838921439,0.976978409,0.986997128,0.945365058,0.7867368,20.68706697
guitar_1,lamp_2,1.008290196,0.908611618,0.995009261,1.034370405,0.960917532,0.785965095,0.75288845,0.911896067,0.884758266,0.973453105,0.880680568,0.946824888,1.032577657,1.089299341,1.081143135,0.988941047,1.145463646,1.153855091,1.136744934,1.143276036,0.8617591,22.14460303
guitar_1,lamp_3,1.059434759,1.049145438,0.884733373,0.925080396,0.657881101,0.921790807,0.745383327,0.883038563,1.068939527,0.823749916,1.074264428,1.071241853,0.968958607,0.919309478,1.108406633,0.858448549,1.220711446,1.036953865,0.948924822,1.089472852,0.72346354,12.63954959
guitar_1,lamp_4,0.919016337,0.977413486,1.213356187,1.159723965,0.968925238,1.17992962,1.155999851,1.10983446,1.39782347,1.194534212,0.924877564,1.048798406,1.185345833,1.142086245,1.004987635,1.039595391,0.936281139,0.996961106,0.938416182,0.837987284,0.7463129,26.21478795
guitar_1,lamp_5,0.792851701,0.73567843,1.240157198,1.206596784,1.13568406,1.020954239,1.275069551,1.169529517,1.202356791,1.201306943,0.757932043,0.790649015,1.189149722,1.197842654,0.648178073,0.964722165,0.714364619,0.919814804,1.176734333,1.062952804,0.84600043,24.03697871
guitar_2,guitar_3,1.033589501,1.024573026,1.070095686,1.126307322,1.157671985,1.114252809,1.094234694,1.027876522,0.936000211,0.844287984,1.012917728,1.102181861,1.033226802,1.04720921,1.200883166,1.101605507,1.287804189,1.177730917,1.026797655,1.137036563,0.9559872,5.781445042
guitar_2,guitar_4,0.858621522,1.118534112,0.834792759,0.981597324,0.975608186,0.812370056,0.753110712,0.881322062,0.554235737,0.595265331,0.854958108,0.892593856,0.809914888,0.881646784,0.530093598,0.913412253,0.556495652,0.983599836,0.779392888,0.842128814,0.93966025,2.368724891
guitar_2,guitar_5,0.905471708,0.960774439,0.973608218,0.896444923,0.765325151,0.857830317,1.002090589,0.861802645,0.923635413,0.923756766,0.919921763,1.088275367,0.871120029,0.813992759,0.946758679,0.931765781,0.604063022,0.815487501,1.010740403,0.829889444,0.9070897,3.066487632
guitar_2,lamp_1,0.910576938,0.970228813,0.900303491,0.873962282,1.156198288,0.959524587,0.946673978,0.893600709,0.932597408,0.832585659,1.014667186,1.216546315,0.949672498,0.963131441,0.807823377,0.960468129,0.907324407,0.975536064,0.624178437,1.141954592,0.82274115,23.16507078
guitar_2,lamp_2,1.025804494,0.919374709,0.773461164,0.844425769,1.107033266,0.984479117,0.910321062,0.890638384,0.999734711,0.94432756,0.950268963,1.114596693,0.84471798,0.970402823,1.013741382,0.835439911,1.130030577,0.963000026,0.774174096,1.011534166,0.8741009,20.67834874
guitar_2,lamp_3,1.078453427,1.085673842,1.134327641,1.057732324,1.119023992,1.07760335,0.884675703,1.075756674,1.061726365,1.085299309,1.130958903,1.092037922,1.113123091,1.205861492,1.131687715,1.098829752,1.275157483,0.978692198,1.433258213,1.14864793,0.73590976,9.719616286
guitar_2,lamp_4,0.852572452,1.042928144,1.032747201,1.237823557,1.423686907,1.00367801,1.338243146,1.210032824,1.411296568,1.060600166,0.877165919,1.03064253,0.662111117,0.815769577,1.161669124,0.699385603,0.676363374,1.155771263,0.90468202,0.936013624,0.7784167,26.84046271
guitar_2,lamp_5,0.837321336,0.930398066,1.196050294,1.011555059,1.222457104,0.909729963,1.085619422,0.871534169,1.217853526,0.91706871,0.86416688,0.746753786,0.713949166,0.907975686,1.206059822,0.671640951,0.978994587,0.959199782,0.686249347,0.916526116,0.82130915,23.03948266
guitar_3,guitar_4,0.97047082,1.116934717,1.014593469,0.966904329,0.823604039,0.854459054,0.902656811,0.851937808,0.85651706,0.711061109,0.88633039,0.815595867,0.718362774,0.722563195,1.271964889,0.913357769,0.978980314,0.661468356,1.114892169,0.786986262,0.93868124,4.792457838
guitar_3,guitar_5,1.068745496,0.988027472,1.214969503,1.163504281,1.082002494,0.930271771,1.052086824,1.078019949,1.316502788,1.25294015,0.821657786,1.134455729,0.993528734,1.239400278,1.225323065,1.026160059,1.108947116,1.183934739,1.354602788,1.245204687,0.90372473,5.554328413
guitar_3,lamp_1,0.956454822,0.921169335,0.885281541,0.842835487,0.78628302,0.686416315,1.2143403,1.032754701,0.590729424,0.695234811,0.994977768,1.021669859,0.810027243,0.885582091,0.928467494,0.861753722,1.079497029,0.786490017,0.877179216,0.766787421,0.830286,23.65063876
guitar_3,lamp_2,0.911376615,0.954887468,0.949269766,0.970338214,0.772246244,1.143097392,0.995135074,1.000646687,0.944181529,1.1671129,0.89845812,1.019094632,0.989405164,1.066267634,0.86167047,1.058196458,1.292288097,0.87216952,0.768598945,1.034653749,0.88527334,17.79697286
guitar_3,lamp_3,1.114825726,1.253445307,1.077846643,0.896829952,1.049724492,0.941778754,0.877830159,1.04300973,0.871034404,0.985396267,1.097169195,1.068940786,1.076411251,1.225549712,1.169996244,0.976304412,1.297064788,1.264895544,1.144479954,1.051055412,0.7556101,10.78333587
guitar_3,lamp_4,0.985353437,1.200263969,1.047675778,0.928394798,1.066795125,0.898905148,1.080967503,1.006209617,1.004729486,1.131206979,0.974396841,0.984418426,0.861481129,0.799538114,1.170094644,0.910850264,0.787356959,0.686707732,1.012400311,0.933796811,0.7681192,26.31849463
guitar_3,lamp_5,0.911918462,1.161227742,1.077695154,1.120772622,1.125607433,1.133504667,1.032881703,1.042539523,1.312798406,1.188788165,1.032617019,1.075384489,1.039113525,1.053652713,1.066025108,1.09913604,0.693048244,1.036522663,1.275275457,1.284456737,0.8445425,19.71709146
guitar_4,guitar_5,0.9634488,1.133879531,1.165835465,1.233380123,1.280827819,0.683510245,0.910035629,0.90119485,1.028869398,1.033767407,0.910239099,0.930955577,0.875477131,1.15134951,0.946606716,0.745763318,0.629179842,1.024384472,0.81369717,1.244380825,0.9374486,2.13673343
guitar_4,lamp_1,0.983129652,1.082631016,0.744338229,0.904789394,0.846197757,0.898323075,0.893867344,0.741545257,0.806684884,0.644077694,0.945730913,1.129747026,0.860766381,0.832228816,1.182181168,0.900308191,0.753957023,0.867109704,0.817860661,0.624947903,0.80880815,24.32548913
guitar_4,lamp_2,0.997317463,0.984546144,0.87538072,0.993802265,0.914249859,1.096069082,1.169265953,0.978048196,0.914072342,1.016408287,0.78965532,0.958411193,0.883645917,1.059406333,0.955404844,0.929898192,1.210922023,0.871130664,1.105469917,1.065287465,0.87225074,21.52404459
guitar_4,lamp_3,0.858643454,0.842534473,0.734579934,0.849911608,0.988032642,0.813050152,0.762668136,0.891620368,1.049098764,0.902774787,0.943041813,1.128076304,0.999637271,1.182002217,0.992678984,1.016581699,1.304319851,1.287366614,1.124446201,1.300378758,0.7550813,10.97792823
guitar_4,lamp_4,0.789076248,0.982775238,0.816965543,1.072848244,1.120620599,1.092116274,1.074433284,1.135263155,1.292292813,1.060863355,0.92087335,0.858848086,0.814573336,0.590999633,1.051347116,0.921177857,0.75007253,0.606864013,0.920134757,0.587396201,0.7761625,26.51719779
guitar_4,lamp_5,0.807910912,0.796529478,1.242028349,1.186293313,1.360988337,1.003008696,0.939553645,0.885350652,1.099193107,0.975045154,0.86496537,0.816126617,0.823518249,0.937961764,0.836008579,0.777494683,0.787906957,0.899837224,0.923319273,0.93307156,0.8293404,23.72142107
guitar_5,lamp_1,0.974964748,0.940482522,1.305529639,1.161560103,1.28348973,1.044863687,0.899794422,0.994723047,1.287272347,1.148289852,0.877821251,1.111549892,1.051709453,1.12800431,1.028097786,1.121444486,1.019934339,1.154429167,1.327557817,1.244860097,0.7981022,21.79814059
guitar_5,lamp_2,0.940305041,1.017658115,0.843399177,0.937549823,1.111616101,0.925051451,1.119939745,0.909541774,1.185940996,0.976902053,0.853096886,0.881390028,0.976366221,1.055294704,0.729306755,0.940321592,1.054696622,0.877262924,1.31828042,1.148718123,0.84479827,21.5944946
guitar_5,lamp_3,0.885764129,1.051500495,1.015719879,0.760515996,0.792906455,0.80890962,0.970793071,0.826986234,0.875903604,0.891379893,0.948806485,0.992960378,0.856130714,0.948638116,1.204715763,0.819057353,0.983056122,0.916284769,0.76342318,0.855066665,0.72338086,11.69920639
guitar_5,lamp_4,0.978085069,1.167805267,1.197324329,0.981990626,1.260674472,1.183780521,0.972722591,1.145001287,0.9976105,1.010800097,0.981459596,1.010542223,0.910715354,0.941384956,0.775751686,0.888395911,0.977669784,0.993436422,1.03847196,1.104176654,0.7586649,24.64575598
guitar_5,lamp_5,0.888677102,1.097197245,0.816357682,0.94345563,0.84916043,0.97442441,1.038600953,0.892648303,0.72871433,0.902394941,0.866545092,1.01957204,0.808693532,0.94761916,1.05843365,0.733596688,1.049035672,1.014833928,1.055598543,0.890236522,0.8240585,22.9013828
lamp_1,lamp_2,0.884638233,1.024940391,0.929737096,0.729644979,0.567759747,1.015570804,0.945912888,1.222093535,0.907512301,1.056606415,0.911321671,1.086705469,1.021194631,1.079281244,1.315151627,1.129932175,1.318060678,0.941857308,0.888658243,1.126646974,0.84755164,21.61742646
lamp_1,lamp_3,1.078729276,1.099760585,1.118901934,1.035555179,1.098601948,0.933724789,1.11832723,0.979498439,0.942955197,1.067652928,0.999314703,0.94521879,0.862420673,0.987371848,1.3401606,0.892782852,1.403883877,1.012454441,1.634031493,1.382360528,0.7736575,25.55114252
lamp_1,lamp_4,0.743120423,1.009787189,0.915088486,0.972492306,1.015716567,0.961426352,0.82403768,0.950037838,0.95942131,1.095687687,0.634083851,1.019244029,0.834270415,0.898375082,0.70059504,0.741880019,0.732475959,0.842935561,0.910294243,0.714037913,0.8630416,19.52687723
lamp_1,lamp_5,0.992940612,1.148212797,1.354675138,1.350960171,1.424141923,1.216339404,1.352331259,1.106456684,1.108617132,1.183175869,0.894593655,1.187867742,0.997241363,1.067122437,1.10141651,1.040598394,0.772286059,1.344717401,0.673996956,0.944992676,0.8163728,18.97462363
lamp_2,lamp_3,0.940586286,1.103547629,1.053589988,0.78671076,1.19924933,0.98041101,0.932639118,0.937001673,1.149456694,0.85141262,1.021484643,1.243433063,0.884929656,0.959020505,1.135340021,1.130022886,0.446211599,1.068468433,1.330399545,1.015690114,0.7783319,17.22803997
lamp_2,lamp_4,0.860772669,0.841018261,1.103755773,0.90994911,0.913056501,1.017262721,1.360046755,1.154234715,1.067097797,1.172281178,0.847671673,0.836292018,1.024152173,1.10928727,1.199560701,0.953924409,1.506734348,0.944768676,1.188375194,1.133946849,0.8049716,24.04571588
lamp_2,lamp_5,0.995445431,1.02488822,1.254091844,1.380284853,1.132131514,0.928373748,1.341362492,1.006725876,1.156528317,1.172488917,0.895485711,1.108447073,0.922763554,1.041975388,1.192695348,1.05533116,1.486762535,1.154208056,0.904411784,0.968255595,0.8856061,6.573616263
lamp_3,lamp_4,1.108296789,0.921061337,0.903145909,0.957423231,1.0467901,1.260585235,1.369989097,1.224479159,0.897741112,1.265095635,1.128727333,1.322280219,0.993998,1.262403004,1.225540834,0.917124733,1.508194472,1.334755696,1.175305509,1.297217167,0.7855219,32.56702709
lamp_3,lamp_5,1.206509816,0.824317537,1.104075641,1.271250419,1.166905256,1.311067302,1.33792581,1.350648159,1.107142133,1.29933614,1.057879515,1.160687593,0.897043227,1.168146142,1.302681613,1.057262882,1.39892565,1.343036766,1.410872887,1.264200068,0.80350167,16.82436908
lamp_4,lamp_5,0.755164165,0.917152434,0.902346045,0.969333545,0.72723274,0.742225693,0.750903809,0.986376686,0.679558971,0.705665652,0.721917663,0.997922018,0.704693606,0.846976483,0.88902639,0.734512761,0.511802402,0.812374901,1.066716515,0.968292901,0.75259423,21.78603396
